Copyright 1986-2018 Xilinx, Inc. All Rights Reserved.
-----------------------------------------------------------------------------------------------------------------------------------------------------------------------------------------------
| Tool Version : Vivado v.2018.2 (win64) Build 2258646 Thu Jun 14 20:03:12 MDT 2018
| Date         : Mon May 26 20:58:46 2025
| Host         : Bimsara running 64-bit major release  (build 9200)
| Command      : report_timing_summary -max_paths 10 -file Computer_timing_summary_routed.rpt -pb Computer_timing_summary_routed.pb -rpx Computer_timing_summary_routed.rpx -warn_on_violation
| Design       : Computer
| Device       : 7a35t-cpg236
| Speed File   : -1  PRODUCTION 1.22 2018-03-21
-----------------------------------------------------------------------------------------------------------------------------------------------------------------------------------------------

Timing Summary Report

------------------------------------------------------------------------------------------------
| Timer Settings
| --------------
------------------------------------------------------------------------------------------------

  Enable Multi Corner Analysis               :  Yes
  Enable Pessimism Removal                   :  Yes
  Pessimism Removal Resolution               :  Nearest Common Node
  Enable Input Delay Default Clock           :  No
  Enable Preset / Clear Arcs                 :  No
  Disable Flight Delays                      :  No
  Ignore I/O Paths                           :  No
  Timing Early Launch at Borrowing Latches   :  false

  Corner  Analyze    Analyze    
  Name    Max Paths  Min Paths  
  ------  ---------  ---------  
  Slow    Yes        Yes        
  Fast    Yes        Yes        



check_timing report

Table of Contents
-----------------
1. checking no_clock
2. checking constant_clock
3. checking pulse_width_clock
4. checking unconstrained_internal_endpoints
5. checking no_input_delay
6. checking no_output_delay
7. checking multiple_clock
8. checking generated_clocks
9. checking loops
10. checking partial_input_delay
11. checking partial_output_delay
12. checking latch_loops

1. checking no_clock
--------------------
 There are 15 register/latch pins with no clock driven by root clock pin: SlowClk/counter_reg[26]/Q (HIGH)


2. checking constant_clock
--------------------------
 There are 0 register/latch pins with constant_clock.


3. checking pulse_width_clock
-----------------------------
 There are 0 register/latch pins which need pulse_width check


4. checking unconstrained_internal_endpoints
--------------------------------------------
 There are 30 pins that are not constrained for maximum delay. (HIGH)

 There are 0 pins that are not constrained for maximum delay due to constant clock.


5. checking no_input_delay
--------------------------
 There is 1 input port with no input delay specified. (HIGH)

 There are 0 input ports with no input delay but user has a false path constraint.


6. checking no_output_delay
---------------------------
 There are 13 ports with no output delay specified. (HIGH)

 There are 0 ports with no output delay but user has a false path constraint

 There are 0 ports with no output delay but with a timing clock defined on it or propagating through it


7. checking multiple_clock
--------------------------
 There are 0 register/latch pins with multiple clocks.


8. checking generated_clocks
----------------------------
 There are 0 generated clocks that are not connected to a clock source.


9. checking loops
-----------------
 There are 0 combinational loops in the design.


10. checking partial_input_delay
--------------------------------
 There are 0 input ports with partial input delay specified.


11. checking partial_output_delay
---------------------------------
 There are 0 ports with partial output delay specified.


12. checking latch_loops
------------------------
 There are 0 combinational latch loops in the design through latch input



------------------------------------------------------------------------------------------------
| Design Timing Summary
| ---------------------
------------------------------------------------------------------------------------------------

    WNS(ns)      TNS(ns)  TNS Failing Endpoints  TNS Total Endpoints      WHS(ns)      THS(ns)  THS Failing Endpoints  THS Total Endpoints     WPWS(ns)     TPWS(ns)  TPWS Failing Endpoints  TPWS Total Endpoints  
    -------      -------  ---------------------  -------------------      -------      -------  ---------------------  -------------------     --------     --------  ----------------------  --------------------  
      7.212        0.000                      0                   27        0.324        0.000                      0                   27        4.500        0.000                       0                    28  


All user specified timing constraints are met.


------------------------------------------------------------------------------------------------
| Clock Summary
| -------------
------------------------------------------------------------------------------------------------

Clock        Waveform(ns)       Period(ns)      Frequency(MHz)
-----        ------------       ----------      --------------
sys_clk_pin  {0.000 5.000}      10.000          100.000         


------------------------------------------------------------------------------------------------
| Intra Clock Table
| -----------------
------------------------------------------------------------------------------------------------

Clock             WNS(ns)      TNS(ns)  TNS Failing Endpoints  TNS Total Endpoints      WHS(ns)      THS(ns)  THS Failing Endpoints  THS Total Endpoints     WPWS(ns)     TPWS(ns)  TPWS Failing Endpoints  TPWS Total Endpoints  
-----             -------      -------  ---------------------  -------------------      -------      -------  ---------------------  -------------------     --------     --------  ----------------------  --------------------  
sys_clk_pin         7.212        0.000                      0                   27        0.324        0.000                      0                   27        4.500        0.000                       0                    28  


------------------------------------------------------------------------------------------------
| Inter Clock Table
| -----------------
------------------------------------------------------------------------------------------------

From Clock    To Clock          WNS(ns)      TNS(ns)  TNS Failing Endpoints  TNS Total Endpoints      WHS(ns)      THS(ns)  THS Failing Endpoints  THS Total Endpoints  
----------    --------          -------      -------  ---------------------  -------------------      -------      -------  ---------------------  -------------------  


------------------------------------------------------------------------------------------------
| Other Path Groups Table
| -----------------------
------------------------------------------------------------------------------------------------

Path Group    From Clock    To Clock          WNS(ns)      TNS(ns)  TNS Failing Endpoints  TNS Total Endpoints      WHS(ns)      THS(ns)  THS Failing Endpoints  THS Total Endpoints  
----------    ----------    --------          -------      -------  ---------------------  -------------------      -------      -------  ---------------------  -------------------  


------------------------------------------------------------------------------------------------
| Timing Details
| --------------
------------------------------------------------------------------------------------------------


---------------------------------------------------------------------------------------------------
From Clock:  sys_clk_pin
  To Clock:  sys_clk_pin

Setup :            0  Failing Endpoints,  Worst Slack        7.212ns,  Total Violation        0.000ns
Hold  :            0  Failing Endpoints,  Worst Slack        0.324ns,  Total Violation        0.000ns
PW    :            0  Failing Endpoints,  Worst Slack        4.500ns,  Total Violation        0.000ns
---------------------------------------------------------------------------------------------------


Max Delay Paths
--------------------------------------------------------------------------------------
Slack (MET) :             7.212ns  (required time - arrival time)
  Source:                 SlowClk/counter_reg[2]/C
                            (rising edge-triggered cell FDRE clocked by sys_clk_pin  {rise@0.000ns fall@5.000ns period=10.000ns})
  Destination:            SlowClk/counter_reg[25]/D
                            (rising edge-triggered cell FDRE clocked by sys_clk_pin  {rise@0.000ns fall@5.000ns period=10.000ns})
  Path Group:             sys_clk_pin
  Path Type:              Setup (Max at Slow Process Corner)
  Requirement:            10.000ns  (sys_clk_pin rise@10.000ns - sys_clk_pin rise@0.000ns)
  Data Path Delay:        2.784ns  (logic 1.882ns (67.607%)  route 0.902ns (32.393%))
  Logic Levels:           7  (CARRY4=7)
  Clock Path Skew:        -0.031ns (DCD - SCD + CPR)
    Destination Clock Delay (DCD):    4.842ns = ( 14.842 - 10.000 ) 
    Source Clock Delay      (SCD):    5.147ns
    Clock Pessimism Removal (CPR):    0.274ns
  Clock Uncertainty:      0.035ns  ((TSJ^2 + TIJ^2)^1/2 + DJ) / 2 + PE
    Total System Jitter     (TSJ):    0.071ns
    Total Input Jitter      (TIJ):    0.000ns
    Discrete Jitter          (DJ):    0.000ns
    Phase Error              (PE):    0.000ns

    Location             Delay type                Incr(ns)  Path(ns)    Netlist Resource(s)
  -------------------------------------------------------------------    -------------------
                         (clock sys_clk_pin rise edge)
                                                      0.000     0.000 r  
    W5                                                0.000     0.000 r  Clk (IN)
                         net (fo=0)                   0.000     0.000    Clk
    W5                   IBUF (Prop_ibuf_I_O)         1.458     1.458 r  Clk_IBUF_inst/O
                         net (fo=1, routed)           1.967     3.425    Clk_IBUF
    BUFGCTRL_X0Y0        BUFG (Prop_bufg_I_O)         0.096     3.521 r  Clk_IBUF_BUFG_inst/O
                         net (fo=27, routed)          1.626     5.147    SlowClk/clk
    SLICE_X58Y18         FDRE                                         r  SlowClk/counter_reg[2]/C
  -------------------------------------------------------------------    -------------------
    SLICE_X58Y18         FDRE (Prop_fdre_C_Q)         0.456     5.603 r  SlowClk/counter_reg[2]/Q
                         net (fo=1, routed)           0.902     6.505    SlowClk/counter_reg_n_0_[2]
    SLICE_X58Y18         CARRY4 (Prop_carry4_S[2]_CO[3])
                                                      0.522     7.027 r  SlowClk/counter_reg[0]_i_1/CO[3]
                         net (fo=1, routed)           0.000     7.027    SlowClk/counter_reg[0]_i_1_n_0
    SLICE_X58Y19         CARRY4 (Prop_carry4_CI_CO[3])
                                                      0.114     7.141 r  SlowClk/counter_reg[4]_i_1/CO[3]
                         net (fo=1, routed)           0.000     7.141    SlowClk/counter_reg[4]_i_1_n_0
    SLICE_X58Y20         CARRY4 (Prop_carry4_CI_CO[3])
                                                      0.114     7.255 r  SlowClk/counter_reg[8]_i_1/CO[3]
                         net (fo=1, routed)           0.000     7.255    SlowClk/counter_reg[8]_i_1_n_0
    SLICE_X58Y21         CARRY4 (Prop_carry4_CI_CO[3])
                                                      0.114     7.369 r  SlowClk/counter_reg[12]_i_1/CO[3]
                         net (fo=1, routed)           0.000     7.369    SlowClk/counter_reg[12]_i_1_n_0
    SLICE_X58Y22         CARRY4 (Prop_carry4_CI_CO[3])
                                                      0.114     7.483 r  SlowClk/counter_reg[16]_i_1/CO[3]
                         net (fo=1, routed)           0.000     7.483    SlowClk/counter_reg[16]_i_1_n_0
    SLICE_X58Y23         CARRY4 (Prop_carry4_CI_CO[3])
                                                      0.114     7.597 r  SlowClk/counter_reg[20]_i_1/CO[3]
                         net (fo=1, routed)           0.000     7.597    SlowClk/counter_reg[20]_i_1_n_0
    SLICE_X58Y24         CARRY4 (Prop_carry4_CI_O[1])
                                                      0.334     7.931 r  SlowClk/counter_reg[24]_i_1/O[1]
                         net (fo=1, routed)           0.000     7.931    SlowClk/counter_reg[24]_i_1_n_6
    SLICE_X58Y24         FDRE                                         r  SlowClk/counter_reg[25]/D
  -------------------------------------------------------------------    -------------------

                         (clock sys_clk_pin rise edge)
                                                     10.000    10.000 r  
    W5                                                0.000    10.000 r  Clk (IN)
                         net (fo=0)                   0.000    10.000    Clk
    W5                   IBUF (Prop_ibuf_I_O)         1.388    11.388 r  Clk_IBUF_inst/O
                         net (fo=1, routed)           1.862    13.250    Clk_IBUF
    BUFGCTRL_X0Y0        BUFG (Prop_bufg_I_O)         0.091    13.341 r  Clk_IBUF_BUFG_inst/O
                         net (fo=27, routed)          1.501    14.842    SlowClk/clk
    SLICE_X58Y24         FDRE                                         r  SlowClk/counter_reg[25]/C
                         clock pessimism              0.274    15.116    
                         clock uncertainty           -0.035    15.081    
    SLICE_X58Y24         FDRE (Setup_fdre_C_D)        0.062    15.143    SlowClk/counter_reg[25]
  -------------------------------------------------------------------
                         required time                         15.143    
                         arrival time                          -7.931    
  -------------------------------------------------------------------
                         slack                                  7.212    

Slack (MET) :             7.307ns  (required time - arrival time)
  Source:                 SlowClk/counter_reg[2]/C
                            (rising edge-triggered cell FDRE clocked by sys_clk_pin  {rise@0.000ns fall@5.000ns period=10.000ns})
  Destination:            SlowClk/counter_reg[26]/D
                            (rising edge-triggered cell FDRE clocked by sys_clk_pin  {rise@0.000ns fall@5.000ns period=10.000ns})
  Path Group:             sys_clk_pin
  Path Type:              Setup (Max at Slow Process Corner)
  Requirement:            10.000ns  (sys_clk_pin rise@10.000ns - sys_clk_pin rise@0.000ns)
  Data Path Delay:        2.689ns  (logic 1.787ns (66.463%)  route 0.902ns (33.537%))
  Logic Levels:           7  (CARRY4=7)
  Clock Path Skew:        -0.031ns (DCD - SCD + CPR)
    Destination Clock Delay (DCD):    4.842ns = ( 14.842 - 10.000 ) 
    Source Clock Delay      (SCD):    5.147ns
    Clock Pessimism Removal (CPR):    0.274ns
  Clock Uncertainty:      0.035ns  ((TSJ^2 + TIJ^2)^1/2 + DJ) / 2 + PE
    Total System Jitter     (TSJ):    0.071ns
    Total Input Jitter      (TIJ):    0.000ns
    Discrete Jitter          (DJ):    0.000ns
    Phase Error              (PE):    0.000ns

    Location             Delay type                Incr(ns)  Path(ns)    Netlist Resource(s)
  -------------------------------------------------------------------    -------------------
                         (clock sys_clk_pin rise edge)
                                                      0.000     0.000 r  
    W5                                                0.000     0.000 r  Clk (IN)
                         net (fo=0)                   0.000     0.000    Clk
    W5                   IBUF (Prop_ibuf_I_O)         1.458     1.458 r  Clk_IBUF_inst/O
                         net (fo=1, routed)           1.967     3.425    Clk_IBUF
    BUFGCTRL_X0Y0        BUFG (Prop_bufg_I_O)         0.096     3.521 r  Clk_IBUF_BUFG_inst/O
                         net (fo=27, routed)          1.626     5.147    SlowClk/clk
    SLICE_X58Y18         FDRE                                         r  SlowClk/counter_reg[2]/C
  -------------------------------------------------------------------    -------------------
    SLICE_X58Y18         FDRE (Prop_fdre_C_Q)         0.456     5.603 r  SlowClk/counter_reg[2]/Q
                         net (fo=1, routed)           0.902     6.505    SlowClk/counter_reg_n_0_[2]
    SLICE_X58Y18         CARRY4 (Prop_carry4_S[2]_CO[3])
                                                      0.522     7.027 r  SlowClk/counter_reg[0]_i_1/CO[3]
                         net (fo=1, routed)           0.000     7.027    SlowClk/counter_reg[0]_i_1_n_0
    SLICE_X58Y19         CARRY4 (Prop_carry4_CI_CO[3])
                                                      0.114     7.141 r  SlowClk/counter_reg[4]_i_1/CO[3]
                         net (fo=1, routed)           0.000     7.141    SlowClk/counter_reg[4]_i_1_n_0
    SLICE_X58Y20         CARRY4 (Prop_carry4_CI_CO[3])
                                                      0.114     7.255 r  SlowClk/counter_reg[8]_i_1/CO[3]
                         net (fo=1, routed)           0.000     7.255    SlowClk/counter_reg[8]_i_1_n_0
    SLICE_X58Y21         CARRY4 (Prop_carry4_CI_CO[3])
                                                      0.114     7.369 r  SlowClk/counter_reg[12]_i_1/CO[3]
                         net (fo=1, routed)           0.000     7.369    SlowClk/counter_reg[12]_i_1_n_0
    SLICE_X58Y22         CARRY4 (Prop_carry4_CI_CO[3])
                                                      0.114     7.483 r  SlowClk/counter_reg[16]_i_1/CO[3]
                         net (fo=1, routed)           0.000     7.483    SlowClk/counter_reg[16]_i_1_n_0
    SLICE_X58Y23         CARRY4 (Prop_carry4_CI_CO[3])
                                                      0.114     7.597 r  SlowClk/counter_reg[20]_i_1/CO[3]
                         net (fo=1, routed)           0.000     7.597    SlowClk/counter_reg[20]_i_1_n_0
    SLICE_X58Y24         CARRY4 (Prop_carry4_CI_O[2])
                                                      0.239     7.836 r  SlowClk/counter_reg[24]_i_1/O[2]
                         net (fo=1, routed)           0.000     7.836    SlowClk/counter_reg[24]_i_1_n_5
    SLICE_X58Y24         FDRE                                         r  SlowClk/counter_reg[26]/D
  -------------------------------------------------------------------    -------------------

                         (clock sys_clk_pin rise edge)
                                                     10.000    10.000 r  
    W5                                                0.000    10.000 r  Clk (IN)
                         net (fo=0)                   0.000    10.000    Clk
    W5                   IBUF (Prop_ibuf_I_O)         1.388    11.388 r  Clk_IBUF_inst/O
                         net (fo=1, routed)           1.862    13.250    Clk_IBUF
    BUFGCTRL_X0Y0        BUFG (Prop_bufg_I_O)         0.091    13.341 r  Clk_IBUF_BUFG_inst/O
                         net (fo=27, routed)          1.501    14.842    SlowClk/clk
    SLICE_X58Y24         FDRE                                         r  SlowClk/counter_reg[26]/C
                         clock pessimism              0.274    15.116    
                         clock uncertainty           -0.035    15.081    
    SLICE_X58Y24         FDRE (Setup_fdre_C_D)        0.062    15.143    SlowClk/counter_reg[26]
  -------------------------------------------------------------------
                         required time                         15.143    
                         arrival time                          -7.836    
  -------------------------------------------------------------------
                         slack                                  7.307    

Slack (MET) :             7.323ns  (required time - arrival time)
  Source:                 SlowClk/counter_reg[2]/C
                            (rising edge-triggered cell FDRE clocked by sys_clk_pin  {rise@0.000ns fall@5.000ns period=10.000ns})
  Destination:            SlowClk/counter_reg[24]/D
                            (rising edge-triggered cell FDRE clocked by sys_clk_pin  {rise@0.000ns fall@5.000ns period=10.000ns})
  Path Group:             sys_clk_pin
  Path Type:              Setup (Max at Slow Process Corner)
  Requirement:            10.000ns  (sys_clk_pin rise@10.000ns - sys_clk_pin rise@0.000ns)
  Data Path Delay:        2.673ns  (logic 1.771ns (66.262%)  route 0.902ns (33.738%))
  Logic Levels:           7  (CARRY4=7)
  Clock Path Skew:        -0.031ns (DCD - SCD + CPR)
    Destination Clock Delay (DCD):    4.842ns = ( 14.842 - 10.000 ) 
    Source Clock Delay      (SCD):    5.147ns
    Clock Pessimism Removal (CPR):    0.274ns
  Clock Uncertainty:      0.035ns  ((TSJ^2 + TIJ^2)^1/2 + DJ) / 2 + PE
    Total System Jitter     (TSJ):    0.071ns
    Total Input Jitter      (TIJ):    0.000ns
    Discrete Jitter          (DJ):    0.000ns
    Phase Error              (PE):    0.000ns

    Location             Delay type                Incr(ns)  Path(ns)    Netlist Resource(s)
  -------------------------------------------------------------------    -------------------
                         (clock sys_clk_pin rise edge)
                                                      0.000     0.000 r  
    W5                                                0.000     0.000 r  Clk (IN)
                         net (fo=0)                   0.000     0.000    Clk
    W5                   IBUF (Prop_ibuf_I_O)         1.458     1.458 r  Clk_IBUF_inst/O
                         net (fo=1, routed)           1.967     3.425    Clk_IBUF
    BUFGCTRL_X0Y0        BUFG (Prop_bufg_I_O)         0.096     3.521 r  Clk_IBUF_BUFG_inst/O
                         net (fo=27, routed)          1.626     5.147    SlowClk/clk
    SLICE_X58Y18         FDRE                                         r  SlowClk/counter_reg[2]/C
  -------------------------------------------------------------------    -------------------
    SLICE_X58Y18         FDRE (Prop_fdre_C_Q)         0.456     5.603 r  SlowClk/counter_reg[2]/Q
                         net (fo=1, routed)           0.902     6.505    SlowClk/counter_reg_n_0_[2]
    SLICE_X58Y18         CARRY4 (Prop_carry4_S[2]_CO[3])
                                                      0.522     7.027 r  SlowClk/counter_reg[0]_i_1/CO[3]
                         net (fo=1, routed)           0.000     7.027    SlowClk/counter_reg[0]_i_1_n_0
    SLICE_X58Y19         CARRY4 (Prop_carry4_CI_CO[3])
                                                      0.114     7.141 r  SlowClk/counter_reg[4]_i_1/CO[3]
                         net (fo=1, routed)           0.000     7.141    SlowClk/counter_reg[4]_i_1_n_0
    SLICE_X58Y20         CARRY4 (Prop_carry4_CI_CO[3])
                                                      0.114     7.255 r  SlowClk/counter_reg[8]_i_1/CO[3]
                         net (fo=1, routed)           0.000     7.255    SlowClk/counter_reg[8]_i_1_n_0
    SLICE_X58Y21         CARRY4 (Prop_carry4_CI_CO[3])
                                                      0.114     7.369 r  SlowClk/counter_reg[12]_i_1/CO[3]
                         net (fo=1, routed)           0.000     7.369    SlowClk/counter_reg[12]_i_1_n_0
    SLICE_X58Y22         CARRY4 (Prop_carry4_CI_CO[3])
                                                      0.114     7.483 r  SlowClk/counter_reg[16]_i_1/CO[3]
                         net (fo=1, routed)           0.000     7.483    SlowClk/counter_reg[16]_i_1_n_0
    SLICE_X58Y23         CARRY4 (Prop_carry4_CI_CO[3])
                                                      0.114     7.597 r  SlowClk/counter_reg[20]_i_1/CO[3]
                         net (fo=1, routed)           0.000     7.597    SlowClk/counter_reg[20]_i_1_n_0
    SLICE_X58Y24         CARRY4 (Prop_carry4_CI_O[0])
                                                      0.223     7.820 r  SlowClk/counter_reg[24]_i_1/O[0]
                         net (fo=1, routed)           0.000     7.820    SlowClk/counter_reg[24]_i_1_n_7
    SLICE_X58Y24         FDRE                                         r  SlowClk/counter_reg[24]/D
  -------------------------------------------------------------------    -------------------

                         (clock sys_clk_pin rise edge)
                                                     10.000    10.000 r  
    W5                                                0.000    10.000 r  Clk (IN)
                         net (fo=0)                   0.000    10.000    Clk
    W5                   IBUF (Prop_ibuf_I_O)         1.388    11.388 r  Clk_IBUF_inst/O
                         net (fo=1, routed)           1.862    13.250    Clk_IBUF
    BUFGCTRL_X0Y0        BUFG (Prop_bufg_I_O)         0.091    13.341 r  Clk_IBUF_BUFG_inst/O
                         net (fo=27, routed)          1.501    14.842    SlowClk/clk
    SLICE_X58Y24         FDRE                                         r  SlowClk/counter_reg[24]/C
                         clock pessimism              0.274    15.116    
                         clock uncertainty           -0.035    15.081    
    SLICE_X58Y24         FDRE (Setup_fdre_C_D)        0.062    15.143    SlowClk/counter_reg[24]
  -------------------------------------------------------------------
                         required time                         15.143    
                         arrival time                          -7.820    
  -------------------------------------------------------------------
                         slack                                  7.323    

Slack (MET) :             7.328ns  (required time - arrival time)
  Source:                 SlowClk/counter_reg[2]/C
                            (rising edge-triggered cell FDRE clocked by sys_clk_pin  {rise@0.000ns fall@5.000ns period=10.000ns})
  Destination:            SlowClk/counter_reg[21]/D
                            (rising edge-triggered cell FDRE clocked by sys_clk_pin  {rise@0.000ns fall@5.000ns period=10.000ns})
  Path Group:             sys_clk_pin
  Path Type:              Setup (Max at Slow Process Corner)
  Requirement:            10.000ns  (sys_clk_pin rise@10.000ns - sys_clk_pin rise@0.000ns)
  Data Path Delay:        2.670ns  (logic 1.768ns (66.224%)  route 0.902ns (33.776%))
  Logic Levels:           6  (CARRY4=6)
  Clock Path Skew:        -0.029ns (DCD - SCD + CPR)
    Destination Clock Delay (DCD):    4.844ns = ( 14.844 - 10.000 ) 
    Source Clock Delay      (SCD):    5.147ns
    Clock Pessimism Removal (CPR):    0.274ns
  Clock Uncertainty:      0.035ns  ((TSJ^2 + TIJ^2)^1/2 + DJ) / 2 + PE
    Total System Jitter     (TSJ):    0.071ns
    Total Input Jitter      (TIJ):    0.000ns
    Discrete Jitter          (DJ):    0.000ns
    Phase Error              (PE):    0.000ns

    Location             Delay type                Incr(ns)  Path(ns)    Netlist Resource(s)
  -------------------------------------------------------------------    -------------------
                         (clock sys_clk_pin rise edge)
                                                      0.000     0.000 r  
    W5                                                0.000     0.000 r  Clk (IN)
                         net (fo=0)                   0.000     0.000    Clk
    W5                   IBUF (Prop_ibuf_I_O)         1.458     1.458 r  Clk_IBUF_inst/O
                         net (fo=1, routed)           1.967     3.425    Clk_IBUF
    BUFGCTRL_X0Y0        BUFG (Prop_bufg_I_O)         0.096     3.521 r  Clk_IBUF_BUFG_inst/O
                         net (fo=27, routed)          1.626     5.147    SlowClk/clk
    SLICE_X58Y18         FDRE                                         r  SlowClk/counter_reg[2]/C
  -------------------------------------------------------------------    -------------------
    SLICE_X58Y18         FDRE (Prop_fdre_C_Q)         0.456     5.603 r  SlowClk/counter_reg[2]/Q
                         net (fo=1, routed)           0.902     6.505    SlowClk/counter_reg_n_0_[2]
    SLICE_X58Y18         CARRY4 (Prop_carry4_S[2]_CO[3])
                                                      0.522     7.027 r  SlowClk/counter_reg[0]_i_1/CO[3]
                         net (fo=1, routed)           0.000     7.027    SlowClk/counter_reg[0]_i_1_n_0
    SLICE_X58Y19         CARRY4 (Prop_carry4_CI_CO[3])
                                                      0.114     7.141 r  SlowClk/counter_reg[4]_i_1/CO[3]
                         net (fo=1, routed)           0.000     7.141    SlowClk/counter_reg[4]_i_1_n_0
    SLICE_X58Y20         CARRY4 (Prop_carry4_CI_CO[3])
                                                      0.114     7.255 r  SlowClk/counter_reg[8]_i_1/CO[3]
                         net (fo=1, routed)           0.000     7.255    SlowClk/counter_reg[8]_i_1_n_0
    SLICE_X58Y21         CARRY4 (Prop_carry4_CI_CO[3])
                                                      0.114     7.369 r  SlowClk/counter_reg[12]_i_1/CO[3]
                         net (fo=1, routed)           0.000     7.369    SlowClk/counter_reg[12]_i_1_n_0
    SLICE_X58Y22         CARRY4 (Prop_carry4_CI_CO[3])
                                                      0.114     7.483 r  SlowClk/counter_reg[16]_i_1/CO[3]
                         net (fo=1, routed)           0.000     7.483    SlowClk/counter_reg[16]_i_1_n_0
    SLICE_X58Y23         CARRY4 (Prop_carry4_CI_O[1])
                                                      0.334     7.817 r  SlowClk/counter_reg[20]_i_1/O[1]
                         net (fo=1, routed)           0.000     7.817    SlowClk/counter_reg[20]_i_1_n_6
    SLICE_X58Y23         FDRE                                         r  SlowClk/counter_reg[21]/D
  -------------------------------------------------------------------    -------------------

                         (clock sys_clk_pin rise edge)
                                                     10.000    10.000 r  
    W5                                                0.000    10.000 r  Clk (IN)
                         net (fo=0)                   0.000    10.000    Clk
    W5                   IBUF (Prop_ibuf_I_O)         1.388    11.388 r  Clk_IBUF_inst/O
                         net (fo=1, routed)           1.862    13.250    Clk_IBUF
    BUFGCTRL_X0Y0        BUFG (Prop_bufg_I_O)         0.091    13.341 r  Clk_IBUF_BUFG_inst/O
                         net (fo=27, routed)          1.503    14.844    SlowClk/clk
    SLICE_X58Y23         FDRE                                         r  SlowClk/counter_reg[21]/C
                         clock pessimism              0.274    15.118    
                         clock uncertainty           -0.035    15.083    
    SLICE_X58Y23         FDRE (Setup_fdre_C_D)        0.062    15.145    SlowClk/counter_reg[21]
  -------------------------------------------------------------------
                         required time                         15.145    
                         arrival time                          -7.817    
  -------------------------------------------------------------------
                         slack                                  7.328    

Slack (MET) :             7.349ns  (required time - arrival time)
  Source:                 SlowClk/counter_reg[2]/C
                            (rising edge-triggered cell FDRE clocked by sys_clk_pin  {rise@0.000ns fall@5.000ns period=10.000ns})
  Destination:            SlowClk/counter_reg[23]/D
                            (rising edge-triggered cell FDRE clocked by sys_clk_pin  {rise@0.000ns fall@5.000ns period=10.000ns})
  Path Group:             sys_clk_pin
  Path Type:              Setup (Max at Slow Process Corner)
  Requirement:            10.000ns  (sys_clk_pin rise@10.000ns - sys_clk_pin rise@0.000ns)
  Data Path Delay:        2.649ns  (logic 1.747ns (65.956%)  route 0.902ns (34.044%))
  Logic Levels:           6  (CARRY4=6)
  Clock Path Skew:        -0.029ns (DCD - SCD + CPR)
    Destination Clock Delay (DCD):    4.844ns = ( 14.844 - 10.000 ) 
    Source Clock Delay      (SCD):    5.147ns
    Clock Pessimism Removal (CPR):    0.274ns
  Clock Uncertainty:      0.035ns  ((TSJ^2 + TIJ^2)^1/2 + DJ) / 2 + PE
    Total System Jitter     (TSJ):    0.071ns
    Total Input Jitter      (TIJ):    0.000ns
    Discrete Jitter          (DJ):    0.000ns
    Phase Error              (PE):    0.000ns

    Location             Delay type                Incr(ns)  Path(ns)    Netlist Resource(s)
  -------------------------------------------------------------------    -------------------
                         (clock sys_clk_pin rise edge)
                                                      0.000     0.000 r  
    W5                                                0.000     0.000 r  Clk (IN)
                         net (fo=0)                   0.000     0.000    Clk
    W5                   IBUF (Prop_ibuf_I_O)         1.458     1.458 r  Clk_IBUF_inst/O
                         net (fo=1, routed)           1.967     3.425    Clk_IBUF
    BUFGCTRL_X0Y0        BUFG (Prop_bufg_I_O)         0.096     3.521 r  Clk_IBUF_BUFG_inst/O
                         net (fo=27, routed)          1.626     5.147    SlowClk/clk
    SLICE_X58Y18         FDRE                                         r  SlowClk/counter_reg[2]/C
  -------------------------------------------------------------------    -------------------
    SLICE_X58Y18         FDRE (Prop_fdre_C_Q)         0.456     5.603 r  SlowClk/counter_reg[2]/Q
                         net (fo=1, routed)           0.902     6.505    SlowClk/counter_reg_n_0_[2]
    SLICE_X58Y18         CARRY4 (Prop_carry4_S[2]_CO[3])
                                                      0.522     7.027 r  SlowClk/counter_reg[0]_i_1/CO[3]
                         net (fo=1, routed)           0.000     7.027    SlowClk/counter_reg[0]_i_1_n_0
    SLICE_X58Y19         CARRY4 (Prop_carry4_CI_CO[3])
                                                      0.114     7.141 r  SlowClk/counter_reg[4]_i_1/CO[3]
                         net (fo=1, routed)           0.000     7.141    SlowClk/counter_reg[4]_i_1_n_0
    SLICE_X58Y20         CARRY4 (Prop_carry4_CI_CO[3])
                                                      0.114     7.255 r  SlowClk/counter_reg[8]_i_1/CO[3]
                         net (fo=1, routed)           0.000     7.255    SlowClk/counter_reg[8]_i_1_n_0
    SLICE_X58Y21         CARRY4 (Prop_carry4_CI_CO[3])
                                                      0.114     7.369 r  SlowClk/counter_reg[12]_i_1/CO[3]
                         net (fo=1, routed)           0.000     7.369    SlowClk/counter_reg[12]_i_1_n_0
    SLICE_X58Y22         CARRY4 (Prop_carry4_CI_CO[3])
                                                      0.114     7.483 r  SlowClk/counter_reg[16]_i_1/CO[3]
                         net (fo=1, routed)           0.000     7.483    SlowClk/counter_reg[16]_i_1_n_0
    SLICE_X58Y23         CARRY4 (Prop_carry4_CI_O[3])
                                                      0.313     7.796 r  SlowClk/counter_reg[20]_i_1/O[3]
                         net (fo=1, routed)           0.000     7.796    SlowClk/counter_reg[20]_i_1_n_4
    SLICE_X58Y23         FDRE                                         r  SlowClk/counter_reg[23]/D
  -------------------------------------------------------------------    -------------------

                         (clock sys_clk_pin rise edge)
                                                     10.000    10.000 r  
    W5                                                0.000    10.000 r  Clk (IN)
                         net (fo=0)                   0.000    10.000    Clk
    W5                   IBUF (Prop_ibuf_I_O)         1.388    11.388 r  Clk_IBUF_inst/O
                         net (fo=1, routed)           1.862    13.250    Clk_IBUF
    BUFGCTRL_X0Y0        BUFG (Prop_bufg_I_O)         0.091    13.341 r  Clk_IBUF_BUFG_inst/O
                         net (fo=27, routed)          1.503    14.844    SlowClk/clk
    SLICE_X58Y23         FDRE                                         r  SlowClk/counter_reg[23]/C
                         clock pessimism              0.274    15.118    
                         clock uncertainty           -0.035    15.083    
    SLICE_X58Y23         FDRE (Setup_fdre_C_D)        0.062    15.145    SlowClk/counter_reg[23]
  -------------------------------------------------------------------
                         required time                         15.145    
                         arrival time                          -7.796    
  -------------------------------------------------------------------
                         slack                                  7.349    

Slack (MET) :             7.423ns  (required time - arrival time)
  Source:                 SlowClk/counter_reg[2]/C
                            (rising edge-triggered cell FDRE clocked by sys_clk_pin  {rise@0.000ns fall@5.000ns period=10.000ns})
  Destination:            SlowClk/counter_reg[22]/D
                            (rising edge-triggered cell FDRE clocked by sys_clk_pin  {rise@0.000ns fall@5.000ns period=10.000ns})
  Path Group:             sys_clk_pin
  Path Type:              Setup (Max at Slow Process Corner)
  Requirement:            10.000ns  (sys_clk_pin rise@10.000ns - sys_clk_pin rise@0.000ns)
  Data Path Delay:        2.575ns  (logic 1.673ns (64.978%)  route 0.902ns (35.022%))
  Logic Levels:           6  (CARRY4=6)
  Clock Path Skew:        -0.029ns (DCD - SCD + CPR)
    Destination Clock Delay (DCD):    4.844ns = ( 14.844 - 10.000 ) 
    Source Clock Delay      (SCD):    5.147ns
    Clock Pessimism Removal (CPR):    0.274ns
  Clock Uncertainty:      0.035ns  ((TSJ^2 + TIJ^2)^1/2 + DJ) / 2 + PE
    Total System Jitter     (TSJ):    0.071ns
    Total Input Jitter      (TIJ):    0.000ns
    Discrete Jitter          (DJ):    0.000ns
    Phase Error              (PE):    0.000ns

    Location             Delay type                Incr(ns)  Path(ns)    Netlist Resource(s)
  -------------------------------------------------------------------    -------------------
                         (clock sys_clk_pin rise edge)
                                                      0.000     0.000 r  
    W5                                                0.000     0.000 r  Clk (IN)
                         net (fo=0)                   0.000     0.000    Clk
    W5                   IBUF (Prop_ibuf_I_O)         1.458     1.458 r  Clk_IBUF_inst/O
                         net (fo=1, routed)           1.967     3.425    Clk_IBUF
    BUFGCTRL_X0Y0        BUFG (Prop_bufg_I_O)         0.096     3.521 r  Clk_IBUF_BUFG_inst/O
                         net (fo=27, routed)          1.626     5.147    SlowClk/clk
    SLICE_X58Y18         FDRE                                         r  SlowClk/counter_reg[2]/C
  -------------------------------------------------------------------    -------------------
    SLICE_X58Y18         FDRE (Prop_fdre_C_Q)         0.456     5.603 r  SlowClk/counter_reg[2]/Q
                         net (fo=1, routed)           0.902     6.505    SlowClk/counter_reg_n_0_[2]
    SLICE_X58Y18         CARRY4 (Prop_carry4_S[2]_CO[3])
                                                      0.522     7.027 r  SlowClk/counter_reg[0]_i_1/CO[3]
                         net (fo=1, routed)           0.000     7.027    SlowClk/counter_reg[0]_i_1_n_0
    SLICE_X58Y19         CARRY4 (Prop_carry4_CI_CO[3])
                                                      0.114     7.141 r  SlowClk/counter_reg[4]_i_1/CO[3]
                         net (fo=1, routed)           0.000     7.141    SlowClk/counter_reg[4]_i_1_n_0
    SLICE_X58Y20         CARRY4 (Prop_carry4_CI_CO[3])
                                                      0.114     7.255 r  SlowClk/counter_reg[8]_i_1/CO[3]
                         net (fo=1, routed)           0.000     7.255    SlowClk/counter_reg[8]_i_1_n_0
    SLICE_X58Y21         CARRY4 (Prop_carry4_CI_CO[3])
                                                      0.114     7.369 r  SlowClk/counter_reg[12]_i_1/CO[3]
                         net (fo=1, routed)           0.000     7.369    SlowClk/counter_reg[12]_i_1_n_0
    SLICE_X58Y22         CARRY4 (Prop_carry4_CI_CO[3])
                                                      0.114     7.483 r  SlowClk/counter_reg[16]_i_1/CO[3]
                         net (fo=1, routed)           0.000     7.483    SlowClk/counter_reg[16]_i_1_n_0
    SLICE_X58Y23         CARRY4 (Prop_carry4_CI_O[2])
                                                      0.239     7.722 r  SlowClk/counter_reg[20]_i_1/O[2]
                         net (fo=1, routed)           0.000     7.722    SlowClk/counter_reg[20]_i_1_n_5
    SLICE_X58Y23         FDRE                                         r  SlowClk/counter_reg[22]/D
  -------------------------------------------------------------------    -------------------

                         (clock sys_clk_pin rise edge)
                                                     10.000    10.000 r  
    W5                                                0.000    10.000 r  Clk (IN)
                         net (fo=0)                   0.000    10.000    Clk
    W5                   IBUF (Prop_ibuf_I_O)         1.388    11.388 r  Clk_IBUF_inst/O
                         net (fo=1, routed)           1.862    13.250    Clk_IBUF
    BUFGCTRL_X0Y0        BUFG (Prop_bufg_I_O)         0.091    13.341 r  Clk_IBUF_BUFG_inst/O
                         net (fo=27, routed)          1.503    14.844    SlowClk/clk
    SLICE_X58Y23         FDRE                                         r  SlowClk/counter_reg[22]/C
                         clock pessimism              0.274    15.118    
                         clock uncertainty           -0.035    15.083    
    SLICE_X58Y23         FDRE (Setup_fdre_C_D)        0.062    15.145    SlowClk/counter_reg[22]
  -------------------------------------------------------------------
                         required time                         15.145    
                         arrival time                          -7.722    
  -------------------------------------------------------------------
                         slack                                  7.423    

Slack (MET) :             7.439ns  (required time - arrival time)
  Source:                 SlowClk/counter_reg[2]/C
                            (rising edge-triggered cell FDRE clocked by sys_clk_pin  {rise@0.000ns fall@5.000ns period=10.000ns})
  Destination:            SlowClk/counter_reg[20]/D
                            (rising edge-triggered cell FDRE clocked by sys_clk_pin  {rise@0.000ns fall@5.000ns period=10.000ns})
  Path Group:             sys_clk_pin
  Path Type:              Setup (Max at Slow Process Corner)
  Requirement:            10.000ns  (sys_clk_pin rise@10.000ns - sys_clk_pin rise@0.000ns)
  Data Path Delay:        2.559ns  (logic 1.657ns (64.759%)  route 0.902ns (35.241%))
  Logic Levels:           6  (CARRY4=6)
  Clock Path Skew:        -0.029ns (DCD - SCD + CPR)
    Destination Clock Delay (DCD):    4.844ns = ( 14.844 - 10.000 ) 
    Source Clock Delay      (SCD):    5.147ns
    Clock Pessimism Removal (CPR):    0.274ns
  Clock Uncertainty:      0.035ns  ((TSJ^2 + TIJ^2)^1/2 + DJ) / 2 + PE
    Total System Jitter     (TSJ):    0.071ns
    Total Input Jitter      (TIJ):    0.000ns
    Discrete Jitter          (DJ):    0.000ns
    Phase Error              (PE):    0.000ns

    Location             Delay type                Incr(ns)  Path(ns)    Netlist Resource(s)
  -------------------------------------------------------------------    -------------------
                         (clock sys_clk_pin rise edge)
                                                      0.000     0.000 r  
    W5                                                0.000     0.000 r  Clk (IN)
                         net (fo=0)                   0.000     0.000    Clk
    W5                   IBUF (Prop_ibuf_I_O)         1.458     1.458 r  Clk_IBUF_inst/O
                         net (fo=1, routed)           1.967     3.425    Clk_IBUF
    BUFGCTRL_X0Y0        BUFG (Prop_bufg_I_O)         0.096     3.521 r  Clk_IBUF_BUFG_inst/O
                         net (fo=27, routed)          1.626     5.147    SlowClk/clk
    SLICE_X58Y18         FDRE                                         r  SlowClk/counter_reg[2]/C
  -------------------------------------------------------------------    -------------------
    SLICE_X58Y18         FDRE (Prop_fdre_C_Q)         0.456     5.603 r  SlowClk/counter_reg[2]/Q
                         net (fo=1, routed)           0.902     6.505    SlowClk/counter_reg_n_0_[2]
    SLICE_X58Y18         CARRY4 (Prop_carry4_S[2]_CO[3])
                                                      0.522     7.027 r  SlowClk/counter_reg[0]_i_1/CO[3]
                         net (fo=1, routed)           0.000     7.027    SlowClk/counter_reg[0]_i_1_n_0
    SLICE_X58Y19         CARRY4 (Prop_carry4_CI_CO[3])
                                                      0.114     7.141 r  SlowClk/counter_reg[4]_i_1/CO[3]
                         net (fo=1, routed)           0.000     7.141    SlowClk/counter_reg[4]_i_1_n_0
    SLICE_X58Y20         CARRY4 (Prop_carry4_CI_CO[3])
                                                      0.114     7.255 r  SlowClk/counter_reg[8]_i_1/CO[3]
                         net (fo=1, routed)           0.000     7.255    SlowClk/counter_reg[8]_i_1_n_0
    SLICE_X58Y21         CARRY4 (Prop_carry4_CI_CO[3])
                                                      0.114     7.369 r  SlowClk/counter_reg[12]_i_1/CO[3]
                         net (fo=1, routed)           0.000     7.369    SlowClk/counter_reg[12]_i_1_n_0
    SLICE_X58Y22         CARRY4 (Prop_carry4_CI_CO[3])
                                                      0.114     7.483 r  SlowClk/counter_reg[16]_i_1/CO[3]
                         net (fo=1, routed)           0.000     7.483    SlowClk/counter_reg[16]_i_1_n_0
    SLICE_X58Y23         CARRY4 (Prop_carry4_CI_O[0])
                                                      0.223     7.706 r  SlowClk/counter_reg[20]_i_1/O[0]
                         net (fo=1, routed)           0.000     7.706    SlowClk/counter_reg[20]_i_1_n_7
    SLICE_X58Y23         FDRE                                         r  SlowClk/counter_reg[20]/D
  -------------------------------------------------------------------    -------------------

                         (clock sys_clk_pin rise edge)
                                                     10.000    10.000 r  
    W5                                                0.000    10.000 r  Clk (IN)
                         net (fo=0)                   0.000    10.000    Clk
    W5                   IBUF (Prop_ibuf_I_O)         1.388    11.388 r  Clk_IBUF_inst/O
                         net (fo=1, routed)           1.862    13.250    Clk_IBUF
    BUFGCTRL_X0Y0        BUFG (Prop_bufg_I_O)         0.091    13.341 r  Clk_IBUF_BUFG_inst/O
                         net (fo=27, routed)          1.503    14.844    SlowClk/clk
    SLICE_X58Y23         FDRE                                         r  SlowClk/counter_reg[20]/C
                         clock pessimism              0.274    15.118    
                         clock uncertainty           -0.035    15.083    
    SLICE_X58Y23         FDRE (Setup_fdre_C_D)        0.062    15.145    SlowClk/counter_reg[20]
  -------------------------------------------------------------------
                         required time                         15.145    
                         arrival time                          -7.706    
  -------------------------------------------------------------------
                         slack                                  7.439    

Slack (MET) :             7.443ns  (required time - arrival time)
  Source:                 SlowClk/counter_reg[2]/C
                            (rising edge-triggered cell FDRE clocked by sys_clk_pin  {rise@0.000ns fall@5.000ns period=10.000ns})
  Destination:            SlowClk/counter_reg[17]/D
                            (rising edge-triggered cell FDRE clocked by sys_clk_pin  {rise@0.000ns fall@5.000ns period=10.000ns})
  Path Group:             sys_clk_pin
  Path Type:              Setup (Max at Slow Process Corner)
  Requirement:            10.000ns  (sys_clk_pin rise@10.000ns - sys_clk_pin rise@0.000ns)
  Data Path Delay:        2.556ns  (logic 1.654ns (64.718%)  route 0.902ns (35.283%))
  Logic Levels:           5  (CARRY4=5)
  Clock Path Skew:        -0.028ns (DCD - SCD + CPR)
    Destination Clock Delay (DCD):    4.845ns = ( 14.845 - 10.000 ) 
    Source Clock Delay      (SCD):    5.147ns
    Clock Pessimism Removal (CPR):    0.274ns
  Clock Uncertainty:      0.035ns  ((TSJ^2 + TIJ^2)^1/2 + DJ) / 2 + PE
    Total System Jitter     (TSJ):    0.071ns
    Total Input Jitter      (TIJ):    0.000ns
    Discrete Jitter          (DJ):    0.000ns
    Phase Error              (PE):    0.000ns

    Location             Delay type                Incr(ns)  Path(ns)    Netlist Resource(s)
  -------------------------------------------------------------------    -------------------
                         (clock sys_clk_pin rise edge)
                                                      0.000     0.000 r  
    W5                                                0.000     0.000 r  Clk (IN)
                         net (fo=0)                   0.000     0.000    Clk
    W5                   IBUF (Prop_ibuf_I_O)         1.458     1.458 r  Clk_IBUF_inst/O
                         net (fo=1, routed)           1.967     3.425    Clk_IBUF
    BUFGCTRL_X0Y0        BUFG (Prop_bufg_I_O)         0.096     3.521 r  Clk_IBUF_BUFG_inst/O
                         net (fo=27, routed)          1.626     5.147    SlowClk/clk
    SLICE_X58Y18         FDRE                                         r  SlowClk/counter_reg[2]/C
  -------------------------------------------------------------------    -------------------
    SLICE_X58Y18         FDRE (Prop_fdre_C_Q)         0.456     5.603 r  SlowClk/counter_reg[2]/Q
                         net (fo=1, routed)           0.902     6.505    SlowClk/counter_reg_n_0_[2]
    SLICE_X58Y18         CARRY4 (Prop_carry4_S[2]_CO[3])
                                                      0.522     7.027 r  SlowClk/counter_reg[0]_i_1/CO[3]
                         net (fo=1, routed)           0.000     7.027    SlowClk/counter_reg[0]_i_1_n_0
    SLICE_X58Y19         CARRY4 (Prop_carry4_CI_CO[3])
                                                      0.114     7.141 r  SlowClk/counter_reg[4]_i_1/CO[3]
                         net (fo=1, routed)           0.000     7.141    SlowClk/counter_reg[4]_i_1_n_0
    SLICE_X58Y20         CARRY4 (Prop_carry4_CI_CO[3])
                                                      0.114     7.255 r  SlowClk/counter_reg[8]_i_1/CO[3]
                         net (fo=1, routed)           0.000     7.255    SlowClk/counter_reg[8]_i_1_n_0
    SLICE_X58Y21         CARRY4 (Prop_carry4_CI_CO[3])
                                                      0.114     7.369 r  SlowClk/counter_reg[12]_i_1/CO[3]
                         net (fo=1, routed)           0.000     7.369    SlowClk/counter_reg[12]_i_1_n_0
    SLICE_X58Y22         CARRY4 (Prop_carry4_CI_O[1])
                                                      0.334     7.703 r  SlowClk/counter_reg[16]_i_1/O[1]
                         net (fo=1, routed)           0.000     7.703    SlowClk/counter_reg[16]_i_1_n_6
    SLICE_X58Y22         FDRE                                         r  SlowClk/counter_reg[17]/D
  -------------------------------------------------------------------    -------------------

                         (clock sys_clk_pin rise edge)
                                                     10.000    10.000 r  
    W5                                                0.000    10.000 r  Clk (IN)
                         net (fo=0)                   0.000    10.000    Clk
    W5                   IBUF (Prop_ibuf_I_O)         1.388    11.388 r  Clk_IBUF_inst/O
                         net (fo=1, routed)           1.862    13.250    Clk_IBUF
    BUFGCTRL_X0Y0        BUFG (Prop_bufg_I_O)         0.091    13.341 r  Clk_IBUF_BUFG_inst/O
                         net (fo=27, routed)          1.504    14.845    SlowClk/clk
    SLICE_X58Y22         FDRE                                         r  SlowClk/counter_reg[17]/C
                         clock pessimism              0.274    15.119    
                         clock uncertainty           -0.035    15.084    
    SLICE_X58Y22         FDRE (Setup_fdre_C_D)        0.062    15.146    SlowClk/counter_reg[17]
  -------------------------------------------------------------------
                         required time                         15.146    
                         arrival time                          -7.703    
  -------------------------------------------------------------------
                         slack                                  7.443    

Slack (MET) :             7.464ns  (required time - arrival time)
  Source:                 SlowClk/counter_reg[2]/C
                            (rising edge-triggered cell FDRE clocked by sys_clk_pin  {rise@0.000ns fall@5.000ns period=10.000ns})
  Destination:            SlowClk/counter_reg[19]/D
                            (rising edge-triggered cell FDRE clocked by sys_clk_pin  {rise@0.000ns fall@5.000ns period=10.000ns})
  Path Group:             sys_clk_pin
  Path Type:              Setup (Max at Slow Process Corner)
  Requirement:            10.000ns  (sys_clk_pin rise@10.000ns - sys_clk_pin rise@0.000ns)
  Data Path Delay:        2.535ns  (logic 1.633ns (64.425%)  route 0.902ns (35.575%))
  Logic Levels:           5  (CARRY4=5)
  Clock Path Skew:        -0.028ns (DCD - SCD + CPR)
    Destination Clock Delay (DCD):    4.845ns = ( 14.845 - 10.000 ) 
    Source Clock Delay      (SCD):    5.147ns
    Clock Pessimism Removal (CPR):    0.274ns
  Clock Uncertainty:      0.035ns  ((TSJ^2 + TIJ^2)^1/2 + DJ) / 2 + PE
    Total System Jitter     (TSJ):    0.071ns
    Total Input Jitter      (TIJ):    0.000ns
    Discrete Jitter          (DJ):    0.000ns
    Phase Error              (PE):    0.000ns

    Location             Delay type                Incr(ns)  Path(ns)    Netlist Resource(s)
  -------------------------------------------------------------------    -------------------
                         (clock sys_clk_pin rise edge)
                                                      0.000     0.000 r  
    W5                                                0.000     0.000 r  Clk (IN)
                         net (fo=0)                   0.000     0.000    Clk
    W5                   IBUF (Prop_ibuf_I_O)         1.458     1.458 r  Clk_IBUF_inst/O
                         net (fo=1, routed)           1.967     3.425    Clk_IBUF
    BUFGCTRL_X0Y0        BUFG (Prop_bufg_I_O)         0.096     3.521 r  Clk_IBUF_BUFG_inst/O
                         net (fo=27, routed)          1.626     5.147    SlowClk/clk
    SLICE_X58Y18         FDRE                                         r  SlowClk/counter_reg[2]/C
  -------------------------------------------------------------------    -------------------
    SLICE_X58Y18         FDRE (Prop_fdre_C_Q)         0.456     5.603 r  SlowClk/counter_reg[2]/Q
                         net (fo=1, routed)           0.902     6.505    SlowClk/counter_reg_n_0_[2]
    SLICE_X58Y18         CARRY4 (Prop_carry4_S[2]_CO[3])
                                                      0.522     7.027 r  SlowClk/counter_reg[0]_i_1/CO[3]
                         net (fo=1, routed)           0.000     7.027    SlowClk/counter_reg[0]_i_1_n_0
    SLICE_X58Y19         CARRY4 (Prop_carry4_CI_CO[3])
                                                      0.114     7.141 r  SlowClk/counter_reg[4]_i_1/CO[3]
                         net (fo=1, routed)           0.000     7.141    SlowClk/counter_reg[4]_i_1_n_0
    SLICE_X58Y20         CARRY4 (Prop_carry4_CI_CO[3])
                                                      0.114     7.255 r  SlowClk/counter_reg[8]_i_1/CO[3]
                         net (fo=1, routed)           0.000     7.255    SlowClk/counter_reg[8]_i_1_n_0
    SLICE_X58Y21         CARRY4 (Prop_carry4_CI_CO[3])
                                                      0.114     7.369 r  SlowClk/counter_reg[12]_i_1/CO[3]
                         net (fo=1, routed)           0.000     7.369    SlowClk/counter_reg[12]_i_1_n_0
    SLICE_X58Y22         CARRY4 (Prop_carry4_CI_O[3])
                                                      0.313     7.682 r  SlowClk/counter_reg[16]_i_1/O[3]
                         net (fo=1, routed)           0.000     7.682    SlowClk/counter_reg[16]_i_1_n_4
    SLICE_X58Y22         FDRE                                         r  SlowClk/counter_reg[19]/D
  -------------------------------------------------------------------    -------------------

                         (clock sys_clk_pin rise edge)
                                                     10.000    10.000 r  
    W5                                                0.000    10.000 r  Clk (IN)
                         net (fo=0)                   0.000    10.000    Clk
    W5                   IBUF (Prop_ibuf_I_O)         1.388    11.388 r  Clk_IBUF_inst/O
                         net (fo=1, routed)           1.862    13.250    Clk_IBUF
    BUFGCTRL_X0Y0        BUFG (Prop_bufg_I_O)         0.091    13.341 r  Clk_IBUF_BUFG_inst/O
                         net (fo=27, routed)          1.504    14.845    SlowClk/clk
    SLICE_X58Y22         FDRE                                         r  SlowClk/counter_reg[19]/C
                         clock pessimism              0.274    15.119    
                         clock uncertainty           -0.035    15.084    
    SLICE_X58Y22         FDRE (Setup_fdre_C_D)        0.062    15.146    SlowClk/counter_reg[19]
  -------------------------------------------------------------------
                         required time                         15.146    
                         arrival time                          -7.682    
  -------------------------------------------------------------------
                         slack                                  7.464    

Slack (MET) :             7.538ns  (required time - arrival time)
  Source:                 SlowClk/counter_reg[2]/C
                            (rising edge-triggered cell FDRE clocked by sys_clk_pin  {rise@0.000ns fall@5.000ns period=10.000ns})
  Destination:            SlowClk/counter_reg[18]/D
                            (rising edge-triggered cell FDRE clocked by sys_clk_pin  {rise@0.000ns fall@5.000ns period=10.000ns})
  Path Group:             sys_clk_pin
  Path Type:              Setup (Max at Slow Process Corner)
  Requirement:            10.000ns  (sys_clk_pin rise@10.000ns - sys_clk_pin rise@0.000ns)
  Data Path Delay:        2.461ns  (logic 1.559ns (63.355%)  route 0.902ns (36.645%))
  Logic Levels:           5  (CARRY4=5)
  Clock Path Skew:        -0.028ns (DCD - SCD + CPR)
    Destination Clock Delay (DCD):    4.845ns = ( 14.845 - 10.000 ) 
    Source Clock Delay      (SCD):    5.147ns
    Clock Pessimism Removal (CPR):    0.274ns
  Clock Uncertainty:      0.035ns  ((TSJ^2 + TIJ^2)^1/2 + DJ) / 2 + PE
    Total System Jitter     (TSJ):    0.071ns
    Total Input Jitter      (TIJ):    0.000ns
    Discrete Jitter          (DJ):    0.000ns
    Phase Error              (PE):    0.000ns

    Location             Delay type                Incr(ns)  Path(ns)    Netlist Resource(s)
  -------------------------------------------------------------------    -------------------
                         (clock sys_clk_pin rise edge)
                                                      0.000     0.000 r  
    W5                                                0.000     0.000 r  Clk (IN)
                         net (fo=0)                   0.000     0.000    Clk
    W5                   IBUF (Prop_ibuf_I_O)         1.458     1.458 r  Clk_IBUF_inst/O
                         net (fo=1, routed)           1.967     3.425    Clk_IBUF
    BUFGCTRL_X0Y0        BUFG (Prop_bufg_I_O)         0.096     3.521 r  Clk_IBUF_BUFG_inst/O
                         net (fo=27, routed)          1.626     5.147    SlowClk/clk
    SLICE_X58Y18         FDRE                                         r  SlowClk/counter_reg[2]/C
  -------------------------------------------------------------------    -------------------
    SLICE_X58Y18         FDRE (Prop_fdre_C_Q)         0.456     5.603 r  SlowClk/counter_reg[2]/Q
                         net (fo=1, routed)           0.902     6.505    SlowClk/counter_reg_n_0_[2]
    SLICE_X58Y18         CARRY4 (Prop_carry4_S[2]_CO[3])
                                                      0.522     7.027 r  SlowClk/counter_reg[0]_i_1/CO[3]
                         net (fo=1, routed)           0.000     7.027    SlowClk/counter_reg[0]_i_1_n_0
    SLICE_X58Y19         CARRY4 (Prop_carry4_CI_CO[3])
                                                      0.114     7.141 r  SlowClk/counter_reg[4]_i_1/CO[3]
                         net (fo=1, routed)           0.000     7.141    SlowClk/counter_reg[4]_i_1_n_0
    SLICE_X58Y20         CARRY4 (Prop_carry4_CI_CO[3])
                                                      0.114     7.255 r  SlowClk/counter_reg[8]_i_1/CO[3]
                         net (fo=1, routed)           0.000     7.255    SlowClk/counter_reg[8]_i_1_n_0
    SLICE_X58Y21         CARRY4 (Prop_carry4_CI_CO[3])
                                                      0.114     7.369 r  SlowClk/counter_reg[12]_i_1/CO[3]
                         net (fo=1, routed)           0.000     7.369    SlowClk/counter_reg[12]_i_1_n_0
    SLICE_X58Y22         CARRY4 (Prop_carry4_CI_O[2])
                                                      0.239     7.608 r  SlowClk/counter_reg[16]_i_1/O[2]
                         net (fo=1, routed)           0.000     7.608    SlowClk/counter_reg[16]_i_1_n_5
    SLICE_X58Y22         FDRE                                         r  SlowClk/counter_reg[18]/D
  -------------------------------------------------------------------    -------------------

                         (clock sys_clk_pin rise edge)
                                                     10.000    10.000 r  
    W5                                                0.000    10.000 r  Clk (IN)
                         net (fo=0)                   0.000    10.000    Clk
    W5                   IBUF (Prop_ibuf_I_O)         1.388    11.388 r  Clk_IBUF_inst/O
                         net (fo=1, routed)           1.862    13.250    Clk_IBUF
    BUFGCTRL_X0Y0        BUFG (Prop_bufg_I_O)         0.091    13.341 r  Clk_IBUF_BUFG_inst/O
                         net (fo=27, routed)          1.504    14.845    SlowClk/clk
    SLICE_X58Y22         FDRE                                         r  SlowClk/counter_reg[18]/C
                         clock pessimism              0.274    15.119    
                         clock uncertainty           -0.035    15.084    
    SLICE_X58Y22         FDRE (Setup_fdre_C_D)        0.062    15.146    SlowClk/counter_reg[18]
  -------------------------------------------------------------------
                         required time                         15.146    
                         arrival time                          -7.608    
  -------------------------------------------------------------------
                         slack                                  7.538    





Min Delay Paths
--------------------------------------------------------------------------------------
Slack (MET) :             0.324ns  (arrival time - required time)
  Source:                 SlowClk/counter_reg[0]/C
                            (rising edge-triggered cell FDRE clocked by sys_clk_pin  {rise@0.000ns fall@5.000ns period=10.000ns})
  Destination:            SlowClk/counter_reg[0]/D
                            (rising edge-triggered cell FDRE clocked by sys_clk_pin  {rise@0.000ns fall@5.000ns period=10.000ns})
  Path Group:             sys_clk_pin
  Path Type:              Hold (Min at Fast Process Corner)
  Requirement:            0.000ns  (sys_clk_pin rise@0.000ns - sys_clk_pin rise@0.000ns)
  Data Path Delay:        0.429ns  (logic 0.256ns (59.730%)  route 0.173ns (40.270%))
  Logic Levels:           2  (CARRY4=1 LUT1=1)
  Clock Path Skew:        0.000ns (DCD - SCD - CPR)
    Destination Clock Delay (DCD):    1.982ns
    Source Clock Delay      (SCD):    1.470ns
    Clock Pessimism Removal (CPR):    0.512ns

    Location             Delay type                Incr(ns)  Path(ns)    Netlist Resource(s)
  -------------------------------------------------------------------    -------------------
                         (clock sys_clk_pin rise edge)
                                                      0.000     0.000 r  
    W5                                                0.000     0.000 r  Clk (IN)
                         net (fo=0)                   0.000     0.000    Clk
    W5                   IBUF (Prop_ibuf_I_O)         0.226     0.226 r  Clk_IBUF_inst/O
                         net (fo=1, routed)           0.631     0.858    Clk_IBUF
    BUFGCTRL_X0Y0        BUFG (Prop_bufg_I_O)         0.026     0.884 r  Clk_IBUF_BUFG_inst/O
                         net (fo=27, routed)          0.587     1.470    SlowClk/clk
    SLICE_X58Y18         FDRE                                         r  SlowClk/counter_reg[0]/C
  -------------------------------------------------------------------    -------------------
    SLICE_X58Y18         FDRE (Prop_fdre_C_Q)         0.141     1.611 f  SlowClk/counter_reg[0]/Q
                         net (fo=1, routed)           0.173     1.784    SlowClk/counter_reg_n_0_[0]
    SLICE_X58Y18         LUT1 (Prop_lut1_I0_O)        0.045     1.829 r  SlowClk/counter[0]_i_2/O
                         net (fo=1, routed)           0.000     1.829    SlowClk/counter[0]_i_2_n_0
    SLICE_X58Y18         CARRY4 (Prop_carry4_S[0]_O[0])
                                                      0.070     1.899 r  SlowClk/counter_reg[0]_i_1/O[0]
                         net (fo=1, routed)           0.000     1.899    SlowClk/counter_reg[0]_i_1_n_7
    SLICE_X58Y18         FDRE                                         r  SlowClk/counter_reg[0]/D
  -------------------------------------------------------------------    -------------------

                         (clock sys_clk_pin rise edge)
                                                      0.000     0.000 r  
    W5                                                0.000     0.000 r  Clk (IN)
                         net (fo=0)                   0.000     0.000    Clk
    W5                   IBUF (Prop_ibuf_I_O)         0.414     0.414 r  Clk_IBUF_inst/O
                         net (fo=1, routed)           0.685     1.099    Clk_IBUF
    BUFGCTRL_X0Y0        BUFG (Prop_bufg_I_O)         0.029     1.128 r  Clk_IBUF_BUFG_inst/O
                         net (fo=27, routed)          0.855     1.982    SlowClk/clk
    SLICE_X58Y18         FDRE                                         r  SlowClk/counter_reg[0]/C
                         clock pessimism             -0.512     1.470    
    SLICE_X58Y18         FDRE (Hold_fdre_C_D)         0.105     1.575    SlowClk/counter_reg[0]
  -------------------------------------------------------------------
                         required time                         -1.575    
                         arrival time                           1.899    
  -------------------------------------------------------------------
                         slack                                  0.324    

Slack (MET) :             0.327ns  (arrival time - required time)
  Source:                 SlowClk/counter_reg[11]/C
                            (rising edge-triggered cell FDRE clocked by sys_clk_pin  {rise@0.000ns fall@5.000ns period=10.000ns})
  Destination:            SlowClk/counter_reg[11]/D
                            (rising edge-triggered cell FDRE clocked by sys_clk_pin  {rise@0.000ns fall@5.000ns period=10.000ns})
  Path Group:             sys_clk_pin
  Path Type:              Hold (Min at Fast Process Corner)
  Requirement:            0.000ns  (sys_clk_pin rise@0.000ns - sys_clk_pin rise@0.000ns)
  Data Path Delay:        0.432ns  (logic 0.249ns (57.658%)  route 0.183ns (42.342%))
  Logic Levels:           1  (CARRY4=1)
  Clock Path Skew:        0.000ns (DCD - SCD - CPR)
    Destination Clock Delay (DCD):    1.980ns
    Source Clock Delay      (SCD):    1.468ns
    Clock Pessimism Removal (CPR):    0.512ns

    Location             Delay type                Incr(ns)  Path(ns)    Netlist Resource(s)
  -------------------------------------------------------------------    -------------------
                         (clock sys_clk_pin rise edge)
                                                      0.000     0.000 r  
    W5                                                0.000     0.000 r  Clk (IN)
                         net (fo=0)                   0.000     0.000    Clk
    W5                   IBUF (Prop_ibuf_I_O)         0.226     0.226 r  Clk_IBUF_inst/O
                         net (fo=1, routed)           0.631     0.858    Clk_IBUF
    BUFGCTRL_X0Y0        BUFG (Prop_bufg_I_O)         0.026     0.884 r  Clk_IBUF_BUFG_inst/O
                         net (fo=27, routed)          0.585     1.468    SlowClk/clk
    SLICE_X58Y20         FDRE                                         r  SlowClk/counter_reg[11]/C
  -------------------------------------------------------------------    -------------------
    SLICE_X58Y20         FDRE (Prop_fdre_C_Q)         0.141     1.609 r  SlowClk/counter_reg[11]/Q
                         net (fo=1, routed)           0.183     1.792    SlowClk/counter_reg_n_0_[11]
    SLICE_X58Y20         CARRY4 (Prop_carry4_S[3]_O[3])
                                                      0.108     1.900 r  SlowClk/counter_reg[8]_i_1/O[3]
                         net (fo=1, routed)           0.000     1.900    SlowClk/counter_reg[8]_i_1_n_4
    SLICE_X58Y20         FDRE                                         r  SlowClk/counter_reg[11]/D
  -------------------------------------------------------------------    -------------------

                         (clock sys_clk_pin rise edge)
                                                      0.000     0.000 r  
    W5                                                0.000     0.000 r  Clk (IN)
                         net (fo=0)                   0.000     0.000    Clk
    W5                   IBUF (Prop_ibuf_I_O)         0.414     0.414 r  Clk_IBUF_inst/O
                         net (fo=1, routed)           0.685     1.099    Clk_IBUF
    BUFGCTRL_X0Y0        BUFG (Prop_bufg_I_O)         0.029     1.128 r  Clk_IBUF_BUFG_inst/O
                         net (fo=27, routed)          0.853     1.980    SlowClk/clk
    SLICE_X58Y20         FDRE                                         r  SlowClk/counter_reg[11]/C
                         clock pessimism             -0.512     1.468    
    SLICE_X58Y20         FDRE (Hold_fdre_C_D)         0.105     1.573    SlowClk/counter_reg[11]
  -------------------------------------------------------------------
                         required time                         -1.573    
                         arrival time                           1.900    
  -------------------------------------------------------------------
                         slack                                  0.327    

Slack (MET) :             0.327ns  (arrival time - required time)
  Source:                 SlowClk/counter_reg[3]/C
                            (rising edge-triggered cell FDRE clocked by sys_clk_pin  {rise@0.000ns fall@5.000ns period=10.000ns})
  Destination:            SlowClk/counter_reg[3]/D
                            (rising edge-triggered cell FDRE clocked by sys_clk_pin  {rise@0.000ns fall@5.000ns period=10.000ns})
  Path Group:             sys_clk_pin
  Path Type:              Hold (Min at Fast Process Corner)
  Requirement:            0.000ns  (sys_clk_pin rise@0.000ns - sys_clk_pin rise@0.000ns)
  Data Path Delay:        0.432ns  (logic 0.249ns (57.658%)  route 0.183ns (42.342%))
  Logic Levels:           1  (CARRY4=1)
  Clock Path Skew:        0.000ns (DCD - SCD - CPR)
    Destination Clock Delay (DCD):    1.982ns
    Source Clock Delay      (SCD):    1.470ns
    Clock Pessimism Removal (CPR):    0.512ns

    Location             Delay type                Incr(ns)  Path(ns)    Netlist Resource(s)
  -------------------------------------------------------------------    -------------------
                         (clock sys_clk_pin rise edge)
                                                      0.000     0.000 r  
    W5                                                0.000     0.000 r  Clk (IN)
                         net (fo=0)                   0.000     0.000    Clk
    W5                   IBUF (Prop_ibuf_I_O)         0.226     0.226 r  Clk_IBUF_inst/O
                         net (fo=1, routed)           0.631     0.858    Clk_IBUF
    BUFGCTRL_X0Y0        BUFG (Prop_bufg_I_O)         0.026     0.884 r  Clk_IBUF_BUFG_inst/O
                         net (fo=27, routed)          0.587     1.470    SlowClk/clk
    SLICE_X58Y18         FDRE                                         r  SlowClk/counter_reg[3]/C
  -------------------------------------------------------------------    -------------------
    SLICE_X58Y18         FDRE (Prop_fdre_C_Q)         0.141     1.611 r  SlowClk/counter_reg[3]/Q
                         net (fo=1, routed)           0.183     1.794    SlowClk/counter_reg_n_0_[3]
    SLICE_X58Y18         CARRY4 (Prop_carry4_S[3]_O[3])
                                                      0.108     1.902 r  SlowClk/counter_reg[0]_i_1/O[3]
                         net (fo=1, routed)           0.000     1.902    SlowClk/counter_reg[0]_i_1_n_4
    SLICE_X58Y18         FDRE                                         r  SlowClk/counter_reg[3]/D
  -------------------------------------------------------------------    -------------------

                         (clock sys_clk_pin rise edge)
                                                      0.000     0.000 r  
    W5                                                0.000     0.000 r  Clk (IN)
                         net (fo=0)                   0.000     0.000    Clk
    W5                   IBUF (Prop_ibuf_I_O)         0.414     0.414 r  Clk_IBUF_inst/O
                         net (fo=1, routed)           0.685     1.099    Clk_IBUF
    BUFGCTRL_X0Y0        BUFG (Prop_bufg_I_O)         0.029     1.128 r  Clk_IBUF_BUFG_inst/O
                         net (fo=27, routed)          0.855     1.982    SlowClk/clk
    SLICE_X58Y18         FDRE                                         r  SlowClk/counter_reg[3]/C
                         clock pessimism             -0.512     1.470    
    SLICE_X58Y18         FDRE (Hold_fdre_C_D)         0.105     1.575    SlowClk/counter_reg[3]
  -------------------------------------------------------------------
                         required time                         -1.575    
                         arrival time                           1.902    
  -------------------------------------------------------------------
                         slack                                  0.327    

Slack (MET) :             0.327ns  (arrival time - required time)
  Source:                 SlowClk/counter_reg[12]/C
                            (rising edge-triggered cell FDRE clocked by sys_clk_pin  {rise@0.000ns fall@5.000ns period=10.000ns})
  Destination:            SlowClk/counter_reg[12]/D
                            (rising edge-triggered cell FDRE clocked by sys_clk_pin  {rise@0.000ns fall@5.000ns period=10.000ns})
  Path Group:             sys_clk_pin
  Path Type:              Hold (Min at Fast Process Corner)
  Requirement:            0.000ns  (sys_clk_pin rise@0.000ns - sys_clk_pin rise@0.000ns)
  Data Path Delay:        0.432ns  (logic 0.256ns (59.199%)  route 0.176ns (40.801%))
  Logic Levels:           1  (CARRY4=1)
  Clock Path Skew:        0.000ns (DCD - SCD - CPR)
    Destination Clock Delay (DCD):    1.979ns
    Source Clock Delay      (SCD):    1.467ns
    Clock Pessimism Removal (CPR):    0.512ns

    Location             Delay type                Incr(ns)  Path(ns)    Netlist Resource(s)
  -------------------------------------------------------------------    -------------------
                         (clock sys_clk_pin rise edge)
                                                      0.000     0.000 r  
    W5                                                0.000     0.000 r  Clk (IN)
                         net (fo=0)                   0.000     0.000    Clk
    W5                   IBUF (Prop_ibuf_I_O)         0.226     0.226 r  Clk_IBUF_inst/O
                         net (fo=1, routed)           0.631     0.858    Clk_IBUF
    BUFGCTRL_X0Y0        BUFG (Prop_bufg_I_O)         0.026     0.884 r  Clk_IBUF_BUFG_inst/O
                         net (fo=27, routed)          0.584     1.467    SlowClk/clk
    SLICE_X58Y21         FDRE                                         r  SlowClk/counter_reg[12]/C
  -------------------------------------------------------------------    -------------------
    SLICE_X58Y21         FDRE (Prop_fdre_C_Q)         0.141     1.608 r  SlowClk/counter_reg[12]/Q
                         net (fo=1, routed)           0.176     1.785    SlowClk/counter_reg_n_0_[12]
    SLICE_X58Y21         CARRY4 (Prop_carry4_S[0]_O[0])
                                                      0.115     1.900 r  SlowClk/counter_reg[12]_i_1/O[0]
                         net (fo=1, routed)           0.000     1.900    SlowClk/counter_reg[12]_i_1_n_7
    SLICE_X58Y21         FDRE                                         r  SlowClk/counter_reg[12]/D
  -------------------------------------------------------------------    -------------------

                         (clock sys_clk_pin rise edge)
                                                      0.000     0.000 r  
    W5                                                0.000     0.000 r  Clk (IN)
                         net (fo=0)                   0.000     0.000    Clk
    W5                   IBUF (Prop_ibuf_I_O)         0.414     0.414 r  Clk_IBUF_inst/O
                         net (fo=1, routed)           0.685     1.099    Clk_IBUF
    BUFGCTRL_X0Y0        BUFG (Prop_bufg_I_O)         0.029     1.128 r  Clk_IBUF_BUFG_inst/O
                         net (fo=27, routed)          0.852     1.979    SlowClk/clk
    SLICE_X58Y21         FDRE                                         r  SlowClk/counter_reg[12]/C
                         clock pessimism             -0.512     1.467    
    SLICE_X58Y21         FDRE (Hold_fdre_C_D)         0.105     1.572    SlowClk/counter_reg[12]
  -------------------------------------------------------------------
                         required time                         -1.572    
                         arrival time                           1.900    
  -------------------------------------------------------------------
                         slack                                  0.327    

Slack (MET) :             0.327ns  (arrival time - required time)
  Source:                 SlowClk/counter_reg[16]/C
                            (rising edge-triggered cell FDRE clocked by sys_clk_pin  {rise@0.000ns fall@5.000ns period=10.000ns})
  Destination:            SlowClk/counter_reg[16]/D
                            (rising edge-triggered cell FDRE clocked by sys_clk_pin  {rise@0.000ns fall@5.000ns period=10.000ns})
  Path Group:             sys_clk_pin
  Path Type:              Hold (Min at Fast Process Corner)
  Requirement:            0.000ns  (sys_clk_pin rise@0.000ns - sys_clk_pin rise@0.000ns)
  Data Path Delay:        0.432ns  (logic 0.256ns (59.199%)  route 0.176ns (40.801%))
  Logic Levels:           1  (CARRY4=1)
  Clock Path Skew:        0.000ns (DCD - SCD - CPR)
    Destination Clock Delay (DCD):    1.978ns
    Source Clock Delay      (SCD):    1.467ns
    Clock Pessimism Removal (CPR):    0.511ns

    Location             Delay type                Incr(ns)  Path(ns)    Netlist Resource(s)
  -------------------------------------------------------------------    -------------------
                         (clock sys_clk_pin rise edge)
                                                      0.000     0.000 r  
    W5                                                0.000     0.000 r  Clk (IN)
                         net (fo=0)                   0.000     0.000    Clk
    W5                   IBUF (Prop_ibuf_I_O)         0.226     0.226 r  Clk_IBUF_inst/O
                         net (fo=1, routed)           0.631     0.858    Clk_IBUF
    BUFGCTRL_X0Y0        BUFG (Prop_bufg_I_O)         0.026     0.884 r  Clk_IBUF_BUFG_inst/O
                         net (fo=27, routed)          0.584     1.467    SlowClk/clk
    SLICE_X58Y22         FDRE                                         r  SlowClk/counter_reg[16]/C
  -------------------------------------------------------------------    -------------------
    SLICE_X58Y22         FDRE (Prop_fdre_C_Q)         0.141     1.608 r  SlowClk/counter_reg[16]/Q
                         net (fo=1, routed)           0.176     1.785    SlowClk/counter_reg_n_0_[16]
    SLICE_X58Y22         CARRY4 (Prop_carry4_S[0]_O[0])
                                                      0.115     1.900 r  SlowClk/counter_reg[16]_i_1/O[0]
                         net (fo=1, routed)           0.000     1.900    SlowClk/counter_reg[16]_i_1_n_7
    SLICE_X58Y22         FDRE                                         r  SlowClk/counter_reg[16]/D
  -------------------------------------------------------------------    -------------------

                         (clock sys_clk_pin rise edge)
                                                      0.000     0.000 r  
    W5                                                0.000     0.000 r  Clk (IN)
                         net (fo=0)                   0.000     0.000    Clk
    W5                   IBUF (Prop_ibuf_I_O)         0.414     0.414 r  Clk_IBUF_inst/O
                         net (fo=1, routed)           0.685     1.099    Clk_IBUF
    BUFGCTRL_X0Y0        BUFG (Prop_bufg_I_O)         0.029     1.128 r  Clk_IBUF_BUFG_inst/O
                         net (fo=27, routed)          0.851     1.978    SlowClk/clk
    SLICE_X58Y22         FDRE                                         r  SlowClk/counter_reg[16]/C
                         clock pessimism             -0.511     1.467    
    SLICE_X58Y22         FDRE (Hold_fdre_C_D)         0.105     1.572    SlowClk/counter_reg[16]
  -------------------------------------------------------------------
                         required time                         -1.572    
                         arrival time                           1.900    
  -------------------------------------------------------------------
                         slack                                  0.327    

Slack (MET) :             0.327ns  (arrival time - required time)
  Source:                 SlowClk/counter_reg[24]/C
                            (rising edge-triggered cell FDRE clocked by sys_clk_pin  {rise@0.000ns fall@5.000ns period=10.000ns})
  Destination:            SlowClk/counter_reg[24]/D
                            (rising edge-triggered cell FDRE clocked by sys_clk_pin  {rise@0.000ns fall@5.000ns period=10.000ns})
  Path Group:             sys_clk_pin
  Path Type:              Hold (Min at Fast Process Corner)
  Requirement:            0.000ns  (sys_clk_pin rise@0.000ns - sys_clk_pin rise@0.000ns)
  Data Path Delay:        0.432ns  (logic 0.256ns (59.199%)  route 0.176ns (40.801%))
  Logic Levels:           1  (CARRY4=1)
  Clock Path Skew:        0.000ns (DCD - SCD - CPR)
    Destination Clock Delay (DCD):    1.975ns
    Source Clock Delay      (SCD):    1.464ns
    Clock Pessimism Removal (CPR):    0.511ns

    Location             Delay type                Incr(ns)  Path(ns)    Netlist Resource(s)
  -------------------------------------------------------------------    -------------------
                         (clock sys_clk_pin rise edge)
                                                      0.000     0.000 r  
    W5                                                0.000     0.000 r  Clk (IN)
                         net (fo=0)                   0.000     0.000    Clk
    W5                   IBUF (Prop_ibuf_I_O)         0.226     0.226 r  Clk_IBUF_inst/O
                         net (fo=1, routed)           0.631     0.858    Clk_IBUF
    BUFGCTRL_X0Y0        BUFG (Prop_bufg_I_O)         0.026     0.884 r  Clk_IBUF_BUFG_inst/O
                         net (fo=27, routed)          0.581     1.464    SlowClk/clk
    SLICE_X58Y24         FDRE                                         r  SlowClk/counter_reg[24]/C
  -------------------------------------------------------------------    -------------------
    SLICE_X58Y24         FDRE (Prop_fdre_C_Q)         0.141     1.605 r  SlowClk/counter_reg[24]/Q
                         net (fo=1, routed)           0.176     1.782    SlowClk/counter_reg_n_0_[24]
    SLICE_X58Y24         CARRY4 (Prop_carry4_S[0]_O[0])
                                                      0.115     1.897 r  SlowClk/counter_reg[24]_i_1/O[0]
                         net (fo=1, routed)           0.000     1.897    SlowClk/counter_reg[24]_i_1_n_7
    SLICE_X58Y24         FDRE                                         r  SlowClk/counter_reg[24]/D
  -------------------------------------------------------------------    -------------------

                         (clock sys_clk_pin rise edge)
                                                      0.000     0.000 r  
    W5                                                0.000     0.000 r  Clk (IN)
                         net (fo=0)                   0.000     0.000    Clk
    W5                   IBUF (Prop_ibuf_I_O)         0.414     0.414 r  Clk_IBUF_inst/O
                         net (fo=1, routed)           0.685     1.099    Clk_IBUF
    BUFGCTRL_X0Y0        BUFG (Prop_bufg_I_O)         0.029     1.128 r  Clk_IBUF_BUFG_inst/O
                         net (fo=27, routed)          0.848     1.975    SlowClk/clk
    SLICE_X58Y24         FDRE                                         r  SlowClk/counter_reg[24]/C
                         clock pessimism             -0.511     1.464    
    SLICE_X58Y24         FDRE (Hold_fdre_C_D)         0.105     1.569    SlowClk/counter_reg[24]
  -------------------------------------------------------------------
                         required time                         -1.569    
                         arrival time                           1.897    
  -------------------------------------------------------------------
                         slack                                  0.327    

Slack (MET) :             0.327ns  (arrival time - required time)
  Source:                 SlowClk/counter_reg[4]/C
                            (rising edge-triggered cell FDRE clocked by sys_clk_pin  {rise@0.000ns fall@5.000ns period=10.000ns})
  Destination:            SlowClk/counter_reg[4]/D
                            (rising edge-triggered cell FDRE clocked by sys_clk_pin  {rise@0.000ns fall@5.000ns period=10.000ns})
  Path Group:             sys_clk_pin
  Path Type:              Hold (Min at Fast Process Corner)
  Requirement:            0.000ns  (sys_clk_pin rise@0.000ns - sys_clk_pin rise@0.000ns)
  Data Path Delay:        0.432ns  (logic 0.256ns (59.199%)  route 0.176ns (40.801%))
  Logic Levels:           1  (CARRY4=1)
  Clock Path Skew:        0.000ns (DCD - SCD - CPR)
    Destination Clock Delay (DCD):    1.981ns
    Source Clock Delay      (SCD):    1.469ns
    Clock Pessimism Removal (CPR):    0.512ns

    Location             Delay type                Incr(ns)  Path(ns)    Netlist Resource(s)
  -------------------------------------------------------------------    -------------------
                         (clock sys_clk_pin rise edge)
                                                      0.000     0.000 r  
    W5                                                0.000     0.000 r  Clk (IN)
                         net (fo=0)                   0.000     0.000    Clk
    W5                   IBUF (Prop_ibuf_I_O)         0.226     0.226 r  Clk_IBUF_inst/O
                         net (fo=1, routed)           0.631     0.858    Clk_IBUF
    BUFGCTRL_X0Y0        BUFG (Prop_bufg_I_O)         0.026     0.884 r  Clk_IBUF_BUFG_inst/O
                         net (fo=27, routed)          0.586     1.469    SlowClk/clk
    SLICE_X58Y19         FDRE                                         r  SlowClk/counter_reg[4]/C
  -------------------------------------------------------------------    -------------------
    SLICE_X58Y19         FDRE (Prop_fdre_C_Q)         0.141     1.610 r  SlowClk/counter_reg[4]/Q
                         net (fo=1, routed)           0.176     1.787    SlowClk/counter_reg_n_0_[4]
    SLICE_X58Y19         CARRY4 (Prop_carry4_S[0]_O[0])
                                                      0.115     1.902 r  SlowClk/counter_reg[4]_i_1/O[0]
                         net (fo=1, routed)           0.000     1.902    SlowClk/counter_reg[4]_i_1_n_7
    SLICE_X58Y19         FDRE                                         r  SlowClk/counter_reg[4]/D
  -------------------------------------------------------------------    -------------------

                         (clock sys_clk_pin rise edge)
                                                      0.000     0.000 r  
    W5                                                0.000     0.000 r  Clk (IN)
                         net (fo=0)                   0.000     0.000    Clk
    W5                   IBUF (Prop_ibuf_I_O)         0.414     0.414 r  Clk_IBUF_inst/O
                         net (fo=1, routed)           0.685     1.099    Clk_IBUF
    BUFGCTRL_X0Y0        BUFG (Prop_bufg_I_O)         0.029     1.128 r  Clk_IBUF_BUFG_inst/O
                         net (fo=27, routed)          0.854     1.981    SlowClk/clk
    SLICE_X58Y19         FDRE                                         r  SlowClk/counter_reg[4]/C
                         clock pessimism             -0.512     1.469    
    SLICE_X58Y19         FDRE (Hold_fdre_C_D)         0.105     1.574    SlowClk/counter_reg[4]
  -------------------------------------------------------------------
                         required time                         -1.574    
                         arrival time                           1.902    
  -------------------------------------------------------------------
                         slack                                  0.327    

Slack (MET) :             0.327ns  (arrival time - required time)
  Source:                 SlowClk/counter_reg[20]/C
                            (rising edge-triggered cell FDRE clocked by sys_clk_pin  {rise@0.000ns fall@5.000ns period=10.000ns})
  Destination:            SlowClk/counter_reg[20]/D
                            (rising edge-triggered cell FDRE clocked by sys_clk_pin  {rise@0.000ns fall@5.000ns period=10.000ns})
  Path Group:             sys_clk_pin
  Path Type:              Hold (Min at Fast Process Corner)
  Requirement:            0.000ns  (sys_clk_pin rise@0.000ns - sys_clk_pin rise@0.000ns)
  Data Path Delay:        0.432ns  (logic 0.256ns (59.199%)  route 0.176ns (40.801%))
  Logic Levels:           1  (CARRY4=1)
  Clock Path Skew:        0.000ns (DCD - SCD - CPR)
    Destination Clock Delay (DCD):    1.976ns
    Source Clock Delay      (SCD):    1.465ns
    Clock Pessimism Removal (CPR):    0.511ns

    Location             Delay type                Incr(ns)  Path(ns)    Netlist Resource(s)
  -------------------------------------------------------------------    -------------------
                         (clock sys_clk_pin rise edge)
                                                      0.000     0.000 r  
    W5                                                0.000     0.000 r  Clk (IN)
                         net (fo=0)                   0.000     0.000    Clk
    W5                   IBUF (Prop_ibuf_I_O)         0.226     0.226 r  Clk_IBUF_inst/O
                         net (fo=1, routed)           0.631     0.858    Clk_IBUF
    BUFGCTRL_X0Y0        BUFG (Prop_bufg_I_O)         0.026     0.884 r  Clk_IBUF_BUFG_inst/O
                         net (fo=27, routed)          0.582     1.465    SlowClk/clk
    SLICE_X58Y23         FDRE                                         r  SlowClk/counter_reg[20]/C
  -------------------------------------------------------------------    -------------------
    SLICE_X58Y23         FDRE (Prop_fdre_C_Q)         0.141     1.606 r  SlowClk/counter_reg[20]/Q
                         net (fo=1, routed)           0.176     1.783    SlowClk/counter_reg_n_0_[20]
    SLICE_X58Y23         CARRY4 (Prop_carry4_S[0]_O[0])
                                                      0.115     1.898 r  SlowClk/counter_reg[20]_i_1/O[0]
                         net (fo=1, routed)           0.000     1.898    SlowClk/counter_reg[20]_i_1_n_7
    SLICE_X58Y23         FDRE                                         r  SlowClk/counter_reg[20]/D
  -------------------------------------------------------------------    -------------------

                         (clock sys_clk_pin rise edge)
                                                      0.000     0.000 r  
    W5                                                0.000     0.000 r  Clk (IN)
                         net (fo=0)                   0.000     0.000    Clk
    W5                   IBUF (Prop_ibuf_I_O)         0.414     0.414 r  Clk_IBUF_inst/O
                         net (fo=1, routed)           0.685     1.099    Clk_IBUF
    BUFGCTRL_X0Y0        BUFG (Prop_bufg_I_O)         0.029     1.128 r  Clk_IBUF_BUFG_inst/O
                         net (fo=27, routed)          0.849     1.976    SlowClk/clk
    SLICE_X58Y23         FDRE                                         r  SlowClk/counter_reg[20]/C
                         clock pessimism             -0.511     1.465    
    SLICE_X58Y23         FDRE (Hold_fdre_C_D)         0.105     1.570    SlowClk/counter_reg[20]
  -------------------------------------------------------------------
                         required time                         -1.570    
                         arrival time                           1.898    
  -------------------------------------------------------------------
                         slack                                  0.327    

Slack (MET) :             0.360ns  (arrival time - required time)
  Source:                 SlowClk/counter_reg[0]/C
                            (rising edge-triggered cell FDRE clocked by sys_clk_pin  {rise@0.000ns fall@5.000ns period=10.000ns})
  Destination:            SlowClk/counter_reg[1]/D
                            (rising edge-triggered cell FDRE clocked by sys_clk_pin  {rise@0.000ns fall@5.000ns period=10.000ns})
  Path Group:             sys_clk_pin
  Path Type:              Hold (Min at Fast Process Corner)
  Requirement:            0.000ns  (sys_clk_pin rise@0.000ns - sys_clk_pin rise@0.000ns)
  Data Path Delay:        0.465ns  (logic 0.292ns (62.850%)  route 0.173ns (37.150%))
  Logic Levels:           2  (CARRY4=1 LUT1=1)
  Clock Path Skew:        0.000ns (DCD - SCD - CPR)
    Destination Clock Delay (DCD):    1.982ns
    Source Clock Delay      (SCD):    1.470ns
    Clock Pessimism Removal (CPR):    0.512ns

    Location             Delay type                Incr(ns)  Path(ns)    Netlist Resource(s)
  -------------------------------------------------------------------    -------------------
                         (clock sys_clk_pin rise edge)
                                                      0.000     0.000 r  
    W5                                                0.000     0.000 r  Clk (IN)
                         net (fo=0)                   0.000     0.000    Clk
    W5                   IBUF (Prop_ibuf_I_O)         0.226     0.226 r  Clk_IBUF_inst/O
                         net (fo=1, routed)           0.631     0.858    Clk_IBUF
    BUFGCTRL_X0Y0        BUFG (Prop_bufg_I_O)         0.026     0.884 r  Clk_IBUF_BUFG_inst/O
                         net (fo=27, routed)          0.587     1.470    SlowClk/clk
    SLICE_X58Y18         FDRE                                         r  SlowClk/counter_reg[0]/C
  -------------------------------------------------------------------    -------------------
    SLICE_X58Y18         FDRE (Prop_fdre_C_Q)         0.141     1.611 f  SlowClk/counter_reg[0]/Q
                         net (fo=1, routed)           0.173     1.784    SlowClk/counter_reg_n_0_[0]
    SLICE_X58Y18         LUT1 (Prop_lut1_I0_O)        0.045     1.829 r  SlowClk/counter[0]_i_2/O
                         net (fo=1, routed)           0.000     1.829    SlowClk/counter[0]_i_2_n_0
    SLICE_X58Y18         CARRY4 (Prop_carry4_S[0]_O[1])
                                                      0.106     1.935 r  SlowClk/counter_reg[0]_i_1/O[1]
                         net (fo=1, routed)           0.000     1.935    SlowClk/counter_reg[0]_i_1_n_6
    SLICE_X58Y18         FDRE                                         r  SlowClk/counter_reg[1]/D
  -------------------------------------------------------------------    -------------------

                         (clock sys_clk_pin rise edge)
                                                      0.000     0.000 r  
    W5                                                0.000     0.000 r  Clk (IN)
                         net (fo=0)                   0.000     0.000    Clk
    W5                   IBUF (Prop_ibuf_I_O)         0.414     0.414 r  Clk_IBUF_inst/O
                         net (fo=1, routed)           0.685     1.099    Clk_IBUF
    BUFGCTRL_X0Y0        BUFG (Prop_bufg_I_O)         0.029     1.128 r  Clk_IBUF_BUFG_inst/O
                         net (fo=27, routed)          0.855     1.982    SlowClk/clk
    SLICE_X58Y18         FDRE                                         r  SlowClk/counter_reg[1]/C
                         clock pessimism             -0.512     1.470    
    SLICE_X58Y18         FDRE (Hold_fdre_C_D)         0.105     1.575    SlowClk/counter_reg[1]
  -------------------------------------------------------------------
                         required time                         -1.575    
                         arrival time                           1.935    
  -------------------------------------------------------------------
                         slack                                  0.360    

Slack (MET) :             0.363ns  (arrival time - required time)
  Source:                 SlowClk/counter_reg[12]/C
                            (rising edge-triggered cell FDRE clocked by sys_clk_pin  {rise@0.000ns fall@5.000ns period=10.000ns})
  Destination:            SlowClk/counter_reg[13]/D
                            (rising edge-triggered cell FDRE clocked by sys_clk_pin  {rise@0.000ns fall@5.000ns period=10.000ns})
  Path Group:             sys_clk_pin
  Path Type:              Hold (Min at Fast Process Corner)
  Requirement:            0.000ns  (sys_clk_pin rise@0.000ns - sys_clk_pin rise@0.000ns)
  Data Path Delay:        0.468ns  (logic 0.292ns (62.334%)  route 0.176ns (37.666%))
  Logic Levels:           1  (CARRY4=1)
  Clock Path Skew:        0.000ns (DCD - SCD - CPR)
    Destination Clock Delay (DCD):    1.979ns
    Source Clock Delay      (SCD):    1.467ns
    Clock Pessimism Removal (CPR):    0.512ns

    Location             Delay type                Incr(ns)  Path(ns)    Netlist Resource(s)
  -------------------------------------------------------------------    -------------------
                         (clock sys_clk_pin rise edge)
                                                      0.000     0.000 r  
    W5                                                0.000     0.000 r  Clk (IN)
                         net (fo=0)                   0.000     0.000    Clk
    W5                   IBUF (Prop_ibuf_I_O)         0.226     0.226 r  Clk_IBUF_inst/O
                         net (fo=1, routed)           0.631     0.858    Clk_IBUF
    BUFGCTRL_X0Y0        BUFG (Prop_bufg_I_O)         0.026     0.884 r  Clk_IBUF_BUFG_inst/O
                         net (fo=27, routed)          0.584     1.467    SlowClk/clk
    SLICE_X58Y21         FDRE                                         r  SlowClk/counter_reg[12]/C
  -------------------------------------------------------------------    -------------------
    SLICE_X58Y21         FDRE (Prop_fdre_C_Q)         0.141     1.608 r  SlowClk/counter_reg[12]/Q
                         net (fo=1, routed)           0.176     1.785    SlowClk/counter_reg_n_0_[12]
    SLICE_X58Y21         CARRY4 (Prop_carry4_S[0]_O[1])
                                                      0.151     1.936 r  SlowClk/counter_reg[12]_i_1/O[1]
                         net (fo=1, routed)           0.000     1.936    SlowClk/counter_reg[12]_i_1_n_6
    SLICE_X58Y21         FDRE                                         r  SlowClk/counter_reg[13]/D
  -------------------------------------------------------------------    -------------------

                         (clock sys_clk_pin rise edge)
                                                      0.000     0.000 r  
    W5                                                0.000     0.000 r  Clk (IN)
                         net (fo=0)                   0.000     0.000    Clk
    W5                   IBUF (Prop_ibuf_I_O)         0.414     0.414 r  Clk_IBUF_inst/O
                         net (fo=1, routed)           0.685     1.099    Clk_IBUF
    BUFGCTRL_X0Y0        BUFG (Prop_bufg_I_O)         0.029     1.128 r  Clk_IBUF_BUFG_inst/O
                         net (fo=27, routed)          0.852     1.979    SlowClk/clk
    SLICE_X58Y21         FDRE                                         r  SlowClk/counter_reg[13]/C
                         clock pessimism             -0.512     1.467    
    SLICE_X58Y21         FDRE (Hold_fdre_C_D)         0.105     1.572    SlowClk/counter_reg[13]
  -------------------------------------------------------------------
                         required time                         -1.572    
                         arrival time                           1.936    
  -------------------------------------------------------------------
                         slack                                  0.363    





Pulse Width Checks
--------------------------------------------------------------------------------------
Clock Name:         sys_clk_pin
Waveform(ns):       { 0.000 5.000 }
Period(ns):         10.000
Sources:            { Clk }

Check Type        Corner  Lib Pin  Reference Pin  Required(ns)  Actual(ns)  Slack(ns)  Location       Pin
Min Period        n/a     BUFG/I   n/a            2.155         10.000      7.845      BUFGCTRL_X0Y0  Clk_IBUF_BUFG_inst/I
Min Period        n/a     FDRE/C   n/a            1.000         10.000      9.000      SLICE_X58Y18   SlowClk/counter_reg[0]/C
Min Period        n/a     FDRE/C   n/a            1.000         10.000      9.000      SLICE_X58Y20   SlowClk/counter_reg[10]/C
Min Period        n/a     FDRE/C   n/a            1.000         10.000      9.000      SLICE_X58Y20   SlowClk/counter_reg[11]/C
Min Period        n/a     FDRE/C   n/a            1.000         10.000      9.000      SLICE_X58Y21   SlowClk/counter_reg[12]/C
Min Period        n/a     FDRE/C   n/a            1.000         10.000      9.000      SLICE_X58Y21   SlowClk/counter_reg[13]/C
Min Period        n/a     FDRE/C   n/a            1.000         10.000      9.000      SLICE_X58Y21   SlowClk/counter_reg[14]/C
Min Period        n/a     FDRE/C   n/a            1.000         10.000      9.000      SLICE_X58Y21   SlowClk/counter_reg[15]/C
Min Period        n/a     FDRE/C   n/a            1.000         10.000      9.000      SLICE_X58Y22   SlowClk/counter_reg[16]/C
Min Period        n/a     FDRE/C   n/a            1.000         10.000      9.000      SLICE_X58Y22   SlowClk/counter_reg[17]/C
Low Pulse Width   Slow    FDRE/C   n/a            0.500         5.000       4.500      SLICE_X58Y20   SlowClk/counter_reg[10]/C
Low Pulse Width   Slow    FDRE/C   n/a            0.500         5.000       4.500      SLICE_X58Y20   SlowClk/counter_reg[11]/C
Low Pulse Width   Slow    FDRE/C   n/a            0.500         5.000       4.500      SLICE_X58Y19   SlowClk/counter_reg[4]/C
Low Pulse Width   Slow    FDRE/C   n/a            0.500         5.000       4.500      SLICE_X58Y19   SlowClk/counter_reg[5]/C
Low Pulse Width   Slow    FDRE/C   n/a            0.500         5.000       4.500      SLICE_X58Y19   SlowClk/counter_reg[6]/C
Low Pulse Width   Slow    FDRE/C   n/a            0.500         5.000       4.500      SLICE_X58Y19   SlowClk/counter_reg[7]/C
Low Pulse Width   Slow    FDRE/C   n/a            0.500         5.000       4.500      SLICE_X58Y20   SlowClk/counter_reg[8]/C
Low Pulse Width   Slow    FDRE/C   n/a            0.500         5.000       4.500      SLICE_X58Y20   SlowClk/counter_reg[9]/C
Low Pulse Width   Slow    FDRE/C   n/a            0.500         5.000       4.500      SLICE_X58Y18   SlowClk/counter_reg[0]/C
Low Pulse Width   Fast    FDRE/C   n/a            0.500         5.000       4.500      SLICE_X58Y20   SlowClk/counter_reg[10]/C
High Pulse Width  Slow    FDRE/C   n/a            0.500         5.000       4.500      SLICE_X58Y22   SlowClk/counter_reg[16]/C
High Pulse Width  Slow    FDRE/C   n/a            0.500         5.000       4.500      SLICE_X58Y22   SlowClk/counter_reg[17]/C
High Pulse Width  Slow    FDRE/C   n/a            0.500         5.000       4.500      SLICE_X58Y22   SlowClk/counter_reg[18]/C
High Pulse Width  Slow    FDRE/C   n/a            0.500         5.000       4.500      SLICE_X58Y22   SlowClk/counter_reg[19]/C
High Pulse Width  Slow    FDRE/C   n/a            0.500         5.000       4.500      SLICE_X58Y23   SlowClk/counter_reg[20]/C
High Pulse Width  Slow    FDRE/C   n/a            0.500         5.000       4.500      SLICE_X58Y23   SlowClk/counter_reg[21]/C
High Pulse Width  Slow    FDRE/C   n/a            0.500         5.000       4.500      SLICE_X58Y23   SlowClk/counter_reg[22]/C
High Pulse Width  Slow    FDRE/C   n/a            0.500         5.000       4.500      SLICE_X58Y23   SlowClk/counter_reg[23]/C
High Pulse Width  Slow    FDRE/C   n/a            0.500         5.000       4.500      SLICE_X58Y24   SlowClk/counter_reg[24]/C
High Pulse Width  Fast    FDRE/C   n/a            0.500         5.000       4.500      SLICE_X58Y24   SlowClk/counter_reg[24]/C



